Date,Open,High,Low,Close,Volume,Ticker,Daily_Return
2022-01-04,179.25417452208993,179.5584419205672,175.80904564797467,176.37832641601562,99310400,AAPL,-1.2691794355896069
2022-01-05,176.29001709220518,176.83966343060843,171.41188337376713,171.68670654296875,94537600,AAPL,-2.659975274955817
2022-01-06,169.50772129643173,172.0596675486128,168.46731727841166,168.82066345214844,96904000,AAPL,-1.6693447900132052
2022-01-07,169.69422597653536,170.9211204367095,167.86860642072668,168.98753356933594,86709100,AAPL,0.09884460454971933
2022-01-10,165.95464256744464,169.31142378084766,165.06145986786478,169.0071563720703,106765600,AAPL,0.011611982446213531
2022-01-11,169.13478740187807,171.94190783972073,167.66251389723809,171.84376525878906,76138300,AAPL,1.6783957245419368
2022-01-12,172.8645368239584,173.90494104881037,171.58857842094562,172.2854461669922,74805200,AAPL,0.25702469189845534
2022-01-13,172.5307934232952,173.3552628490283,168.614541185956,169.0071563720703,84505800,AAPL,-1.9028245669366117
2022-01-14,168.17287788763613,170.56777832766494,167.92749898971087,169.87091064453125,80440800,AAPL,0.5110755609421425
2022-01-18,168.33972966979056,169.35068950665382,166.27855596311068,166.66134643554688,90956700,AAPL,-1.8894136711262166
2022-01-19,166.85765136543813,167.91769000661554,162.87270044087128,163.15733337402344,94815000,AAPL,-2.1024749508300355
2022-01-20,163.8934453067467,166.5435340208892,161.14519905711342,161.46910095214844,91420500,AAPL,-1.0347266573699665
2022-01-21,161.38076913756592,163.25546724898456,159.29996116779535,159.40792846679688,122848900,AAPL,-1.2765120219269677
2022-01-24,157.06213706108227,159.2999915243486,151.8404666623007,158.63255310058594,162294600,AAPL,-0.4864095366325816
2022-01-25,156.04135309194953,159.75148103294072,154.11759081418975,156.82656860351562,115798400,AAPL,-1.1384702961473314
2022-01-26,160.47779205545413,161.35134029387297,154.90279093312674,156.73822021484375,108275300,AAPL,-0.056335090067061167
2022-01-27,159.44717659164758,160.81148242302393,155.35425909751854,156.27688598632812,121954600,AAPL,-0.294334226765669
2022-01-28,162.64695192499494,167.2011835771804,159.79073801782928,167.18154907226562,179935700,AAPL,6.977783705577223
2022-01-31,167.0146740043963,171.76520522888097,166.37667997036093,171.5492706298828,115541600,AAPL,2.612561961445392
2022-02-01,170.79351570873365,171.60817541361024,169.12494226668923,171.38243103027344,86213900,AAPL,-0.09725462486478431
2022-02-02,171.51988829687994,172.6290059579668,170.12613763983117,172.58973693847656,84914300,AAPL,0.7044513845120282
2022-02-03,171.25483696595504,172.98231399971922,168.93845956073986,169.70404052734375,89418100,AAPL,-1.671997687881921
2022-02-04,168.72129677126426,171.0996042103979,167.7385305552271,169.4190673828125,82465400,AAPL,-0.16792360608840484
2022-02-07,169.88093057527257,170.95214191132882,168.00384392494493,168.7016143798828,77251200,AAPL,-0.42347830973981093
2022-02-08,168.77043538223953,172.32805922455944,168.4756025229789,171.8170166015625,74829200,AAPL,1.846693781284392
2022-02-09,173.01594191587955,173.60559246596077,171.88575211887613,173.24197387695312,71285000,AAPL,0.8293458375517204
2022-02-10,171.13890900487118,172.4558121410886,168.59354809326686,169.15371704101562,90865900,AAPL,-2.3598535299772294
2022-02-11,169.3600979658817,170.09717260247885,165.14402264688573,165.7336883544922,98670700,AAPL,-2.0218466057675633
2022-02-14,164.48555705147456,166.65747672658372,163.68951891129095,165.96954345703125,86185500,AAPL,0.14230969266464388
2022-02-15,168.02350743268553,169.969379951066,167.3159146994891,169.8121337890625,62527400,AAPL,2.315238237084194
2022-02-16,168.88834547600229,170.3526572392932,167.11936365193407,169.57627868652344,61177400,AAPL,-0.13889178427735072
2022-02-17,168.0824845697611,168.94732353481027,165.56660575778602,165.96954345703125,69589300,AAPL,-2.1269102361654912
2022-02-18,166.89335344125396,167.60093126737578,163.32590754694263,164.41677856445312,82772700,AAPL,-0.9355721900748182
2022-02-22,162.1367428748668,163.81727946148703,159.35551308277192,161.48812866210938,91162800,AAPL,-1.7812354237287775
2022-02-23,162.68708741626082,163.28657531432245,156.9968785115613,157.31137084960938,90009200,AAPL,-2.5864178668137616
2022-02-24,149.95047069736393,160.04348391166852,149.38046449387545,159.9353790283203,141147500,AAPL,1.6680346528920031
2022-02-25,161.0163992959612,162.27433874391238,158.097582687372,162.00900268554688,91974200,AAPL,1.2965384331001362
2022-02-28,160.24982688187194,162.56915531871957,159.63067948265063,162.27432250976562,95056600,AAPL,0.16376856830218056
2022-03-01,161.86156976875884,163.72883431123614,159.17862257926774,160.38742065429688,83474400,AAPL,-1.1627852307657616
2022-03-02,161.5569286485252,164.4757453471119,160.14174297698963,163.6895294189453,79724800,AAPL,2.0588327633037196
2022-03-03,165.56660530985462,165.9990247912093,162.69693011047048,163.36520385742188,76678400,AAPL,-0.1981345799421108
2022-03-04,161.65519910712737,162.69692876038988,159.30638875818744,160.35794067382812,83737200,AAPL,-1.840822349304172
2022-03-07,160.54466966467405,162.17606497919274,156.29911294194886,156.5546417236328,96418800,AAPL,-2.371755919422358
2022-03-08,156.0829372614916,160.07296568987567,153.11497909721768,154.72671508789062,131148300,AAPL,-1.1675965756218432
2022-03-09,158.69707147174915,160.59381791240634,156.66275336768058,160.14173889160156,91454900,AAPL,3.4997342253630936
2022-03-10,157.43914120341518,157.62586917951631,153.29186666707722,155.78810119628906,105342000,AAPL,-2.718615225140919
2022-03-11,156.19101504721644,156.5349891936971,151.83736825574178,152.0634002685547,96970100,AAPL,-2.3908763885897466
2022-03-14,148.83992865134607,151.46391244119621,147.51320336208943,148.02423095703125,108732100,AAPL,-2.6562402947651997
2022-03-15,148.29939820148408,152.88892907582556,147.78837062747488,152.4171905517578,92964300,AAPL,2.9677300576564036
2022-03-16,154.34339594526026,157.24255250796213,151.79803572553402,156.83961486816406,102300200,AAPL,2.9015259370657853
2022-03-17,155.8765435805617,158.22535413843605,154.91343692811435,157.85189819335938,75615400,AAPL,0.6454257912111183
2022-03-18,157.74377696769278,161.6453594768953,157.00670241299437,161.1539764404297,123511700,AAPL,2.0918837751481734
2022-03-21,160.69206357071295,163.48313041290612,160.20068056976743,162.52984619140625,95811400,AAPL,0.8537609690848269
2022-03-22,162.6576150439786,166.50023417031582,162.06796436975657,165.91058349609375,81532000,AAPL,2.0800716815458697
2022-03-23,165.0948695579846,169.66472556538113,164.76071771343146,167.276611328125,98062700,AAPL,0.8233518340096779
2022-03-24,168.11196337652208,171.1388847047802,167.27662120536306,171.07009887695312,90131400,AAPL,2.2677931593119816
2022-03-25,170.88335771841636,172.25922412685,169.7728273342969,171.70887756347656,80546200,AAPL,0.37340171702531233
2022-03-28,169.20284996119702,172.70149513268552,169.03578151152723,172.57374572753906,90371900,AAPL,0.5036828475818211
2022-03-29,173.64492571274934,175.92493501881802,173.30095161685145,175.8758087158203,100589400,AAPL,1.9134214039107533
2022-03-30,175.47290101025155,176.51463074136956,173.65477761444038,174.7063446044922,92633200,AAPL,-0.6649374464101188
2022-03-31,174.77513005413485,174.96185802360853,171.3944120690703,171.60079956054688,103049300,AAPL,-1.7775800020175425
2022-04-01,171.0307806751932,171.86613784627107,168.97680315531144,171.3059539794922,78751300,AAPL,-0.1718206335924788
2022-04-04,171.56147679106857,175.41391791306214,171.43371240572407,175.36477661132812,76468400,AAPL,2.3693412502882705
2022-04-05,174.44099692209318,175.22721286513178,171.4140752886788,172.0430450439453,73401800,AAPL,-1.8941840154964362
2022-04-06,169.3895629453013,170.6376800716011,167.19799877542366,168.8686981201172,89058800,AAPL,-1.8450887817158201
2022-04-07,168.21021818380677,170.37230020501354,166.92279723009895,169.17332458496094,77594700,AAPL,0.18039249916350641
2022-04-08,168.81956860456353,168.81956860456353,166.28403012969582,167.15869140625,76575500,AAPL,-1.1908692955307831
2022-04-11,165.80247259982983,166.11694994882637,162.6477868725991,162.8934783935547,72246700,AAPL,-2.551595120070338
2022-04-12,165.12436524547022,166.94247354315863,163.76814322121325,164.77056884765625,79265200,AAPL,1.1523422991597476
2022-04-13,164.5052126435429,168.09230281785548,163.89590247589382,167.4633331298828,70618900,AAPL,1.6342507652056693
2022-04-14,167.67955149726123,168.3183584761883,162.19571471867903,162.44140625,75329400,AAPL,-2.998821763560544
2022-04-18,161.09502962767093,163.72885077484435,160.75107046386879,162.2252197265625,69023900,AAPL,-0.13308584826259295
2022-04-19,162.17602683397615,164.92777424823112,161.08515612673216,164.51499938964844,67723800,AAPL,1.4114819304578363
2022-04-20,165.85160767261976,165.96954980606952,163.23746114831818,164.3479766845703,67929800,AAPL,-0.10152430215955022
2022-04-21,165.99900305629262,168.5738450907259,163.0507051558019,163.55191040039062,87227800,AAPL,-0.484378512129513
2022-04-22,163.59123952892807,164.97692823082195,158.71671343457257,159.001708984375,84882400,AAPL,-2.782114501063482
2022-04-25,158.343289375942,160.35796313638966,155.72914261422412,160.07296752929688,96046400,AAPL,0.6737402709471096
2022-04-26,159.453804965821,159.54225031873102,154.0191094538627,154.0977325439453,95623200,AAPL,-3.732819524482145
2022-04-27,153.2230900346685,157.03621289741787,152.70222512048082,153.87171936035156,88063200,AAPL,-0.14666872760720207
2022-04-28,156.50548217036973,161.68466307901278,156.19098985906734,160.81982421875,130216800,AAPL,4.515517787987222
2022-04-29,159.0508831142893,163.33574447827155,154.5399897161662,154.93309020996094,131747600,AAPL,-3.6604529555894882
2022-05-02,154.00928950852122,155.50308325510557,150.6285715632027,155.2377471923828,123055300,AAPL,0.1966377757062876
2022-05-03,155.42444099254382,157.9403346152518,153.6259923615283,156.7315216064453,88966500,AAPL,0.9622494793172232
2022-05-04,156.91827280667675,163.61090803537846,156.51533507735743,163.15884399414062,108256500,AAPL,4.100848586051753
2022-05-05,161.0262227132276,161.2522547050873,152.2795959021098,154.0682373046875,130525300,AAPL,-5.57162974860228
2022-05-06,153.54660360417492,156.92245186539364,151.74549742097102,154.7965545654297,116124600,AAPL,0.4727238225630259
2022-05-09,152.4836283339545,153.36942622989235,149.09795898763585,149.65895080566406,131577900,AAPL,-3.318939348610661
2022-05-10,153.0643590542694,154.2650965784608,150.5152434800802,152.07029724121094,115366700,AAPL,1.6112276763706967
2022-05-11,151.0762217134339,152.99542804107662,143.50764507620434,144.18675231933594,142689800,AAPL,-5.184145138725071
2022-05-12,140.51566592761506,143.89149901958908,136.60835102555794,140.30897521972656,182602000,AAPL,-2.6894128879615176
2022-05-13,142.30694137891726,145.76152860215055,140.8503145681124,144.7871551513672,113990900,AAPL,3.191656075192406
2022-05-16,143.251795072628,145.1906903336651,141.90341691040302,143.241943359375,86643800,AAPL,-1.0672298867788088
2022-05-17,146.5094945567554,147.40512922042456,144.36390904477065,146.8834991455078,78336300,AAPL,2.5422412602966737
2022-05-18,144.5312514480339,145.0331931657119,137.69097960525806,138.59646606445312,109742900,AAPL,-5.641908811584939
2022-05-19,137.6712938917074,139.4231864175674,134.4430864271214,135.18124389648438,136095600,AAPL,-2.464148087571394
2022-05-20,136.89376494741566,138.47834364409812,130.51608836864122,135.41744995117188,137426100,AAPL,0.1747328607720089
2022-05-23,135.61430621725685,140.9979367905799,135.47651740077447,140.85031127929688,117726300,AAPL,4.01193592855571
2022-05-24,138.58661405091433,139.72830130754187,135.16156729888525,138.1437225341797,104132700,AAPL,-1.9216065058956122
2022-05-25,136.2441979580696,139.55114451962976,136.15562265268915,138.30120849609375,92482700,AAPL,0.11400153334879537
2022-05-26,135.22061822713323,142.06087507401406,134.97456571452705,141.5097198486328,90601500,AAPL,2.319944552494402
2022-05-27,143.09429845299417,147.31655295622195,142.96634634088457,147.27719116210938,90978500,AAPL,4.075671494259048
2022-05-31,146.71621679774168,148.28110735892756,144.5214173125584,146.48983764648438,103718400,AAPL,-0.5346065534060584
2022-06-01,147.53310550206368,149.34406371467995,145.34815761917798,146.36190795898438,74286600,AAPL,-0.08733007664922798
2022-06-02,145.49576829817823,148.8814531521364,144.5410833823405,148.82240295410156,72348100,AAPL,1.681103389145977
2022-06-03,144.58041497714743,145.63352668165265,142.17895565748057,143.0844268798828,88570300,AAPL,-3.855586229170349
2022-06-06,144.70838950271786,146.22408125410382,142.61201747807138,143.8324432373047,71598400,AAPL,0.5227797138606993
2022-06-07,142.0707508127055,146.64732231402076,141.82469825848736,146.36190795898438,67808200,AAPL,1.758619032499098
2022-06-08,146.23392365623158,147.50354794884595,145.13161326153673,145.62371826171875,53950200,AAPL,-0.5043591652771351
2022-06-09,144.75758953991215,145.61384732144396,140.27943162604245,140.3876953125,69473000,AAPL,-3.595583886828402
2022-06-10,138.0649615534637,138.5373780935634,134.8958045203365,134.96470642089844,91437900,AAPL,-3.8628662430351235
2022-06-13,130.7719656189882,133.06517650587148,129.36455265966853,129.797607421875,122207100,AAPL,-3.828481634976044
2022-06-14,131.0278947539339,131.77588901971137,129.40393908646058,130.66372680664062,84784300,AAPL,0.6672845532125438
2022-06-15,132.16956604237166,135.17140981281415,130.0732087681398,133.29156494140625,91533000,AAPL,2.011145861968533
2022-06-16,129.99445602178534,130.29955871287268,127.00244927117835,128.00634765625,108123900,AAPL,-3.965155100009199
2022-06-17,128.01620271778103,130.97866943008026,127.76029850473763,129.482666015625,134520300,AAPL,1.153316524067649
2022-06-21,131.31331283551427,134.8958370832566,131.21490083390682,133.72462463378906,81000500,AAPL,3.2760822345534457
2022-06-22,132.6616745701608,135.5847798082292,131.7955798825567,133.2128448486328,73409200,AAPL,-0.3827117006742653
2022-06-23,134.65962935518908,136.40167037101077,133.48841696582116,136.08673095703125,72433800,AAPL,2.157364112795568
2022-06-24,137.6909831751248,139.66925503284406,137.56304607780373,139.42320251464844,89116800,AAPL,2.4517243776475572
2022-06-27,140.4467743824865,141.2243087499828,138.74409516157192,139.42320251464844,70207900,AAPL,0.0
2022-06-28,139.88578412525837,141.15540852649434,135.1517360213465,135.26983642578125,67083400,AAPL,-2.9789633389254666
2022-06-29,135.28951427489562,138.4488199898158,134.51197995876558,137.03155517578125,66242400,AAPL,1.30237368252204
2022-06-30,135.08283314259847,136.1851436237319,131.65778627775248,134.5612030029297,98964500,AAPL,-1.8027615388898188
2022-07-01,133.89193111018585,136.84456131567046,133.51794149629842,136.73629760742188,71051600,AAPL,1.6164351655245213
2022-07-05,135.59460384717786,139.3739663068114,134.76785610712872,139.3247528076172,73353800,AAPL,1.8930271226349271
2022-07-06,139.11811267133183,141.84436401241877,138.85237172208522,140.66331481933594,74064300,AAPL,0.9607496046069253
2022-07-07,141.02745853360616,144.23599306904134,141.0176218390398,144.03915405273438,66253700,AAPL,2.3999428975026493
2022-07-08,142.96636875790045,145.22021853397652,142.71047951141156,144.71826171875,64547800,AAPL,0.47147435048597863
2022-07-11,143.36984462515042,144.32452936494926,141.50968864079144,142.5824737548828,63141600,AAPL,-1.4758247773995148
2022-07-12,143.45842725252902,146.1059542427383,142.7596466450458,143.55685424804688,77588800,AAPL,0.6833802693303914
2022-07-13,140.73223849221012,144.13759777559264,139.87596530514122,143.19276428222656,71185600,AAPL,-0.2536207467957019
2022-07-14,141.80497494021958,146.59807271073137,140.98807885917248,146.1256561279297,78140700,AAPL,2.0482123244178307
2022-07-15,147.4149563504431,148.47790483542687,145.85990291969932,147.79879760742188,76259900,AAPL,1.1450018592405131
2022-07-18,148.35980548278783,149.17670150055542,144.38358908348172,144.7477569580078,81420900,AAPL,-2.0643203454997927
2022-07-19,145.58435379595355,148.8420867705286,144.59030701772662,148.61572265625,82982400,AAPL,2.6722111482282207
2022-07-20,148.7337929449323,151.2927446518588,147.99563553153246,150.62347412109375,64823400,AAPL,1.3509684096397523
2022-07-21,152.06044916137068,153.11356109876007,149.54087389527504,152.89703369140625,65086600,AAPL,1.5094324331442976
2022-07-22,152.93638205415488,153.81232830048907,150.98765057695607,151.6569061279297,66675400,AAPL,-0.8110867382682629
2022-07-25,151.5781722761147,152.5919073451431,149.87549323073483,150.534912109375,53623900,AAPL,-0.7398238874847141
2022-07-26,149.85582028627226,150.67271644888328,148.4188819899041,149.2062530517578,55138700,AAPL,-0.8826251923884754
2022-07-27,150.17075457850913,154.84575179759253,149.75738820549032,154.31427001953125,78620700,AAPL,3.423460386745014
2022-07-28,154.50129531236348,155.15087757432116,151.97188319707365,154.86546325683594,81378700,AAPL,0.357188766298111
2022-07-29,158.69403377664,161.04629519406532,156.98150288420325,159.9439697265625,101786900,AAPL,3.279302152284358
2022-08-01,158.46764232800993,161.00690586019908,158.34954193697632,158.95974731445312,67829400,AAPL,-0.6153544980732839
2022-08-02,157.57204979903847,159.84557282503414,157.10946983070068,157.48345947265625,59907000,AAPL,-0.9287180350610935
2022-08-03,158.30037064154658,163.95957949452801,158.211795324655,163.50685119628906,82507500,AAPL,3.824777372685695
2022-08-04,163.38868774052628,164.55006328617097,161.83363422359466,163.1918487548828,55474100,AAPL,-0.19265397082847135
2022-08-05,160.8560601129534,163.45798329811657,160.64908228561242,162.96519470214844,56697000,AAPL,-0.13888809671788183
2022-08-08,163.97046163622954,165.38969510382904,161.83176107750737,162.49209594726562,60276900,AAPL,-0.2903066239067109
2022-08-09,161.654383591601,163.42842563656737,160.8954849037263,162.54139709472656,63135500,AAPL,0.030340643447002158
2022-08-10,165.26157448955212,166.89763621928432,164.49282549147833,166.79908752441406,70170500,AAPL,2.6194498791013654
2022-08-11,167.6072543726192,168.52384897861626,165.76422984138568,166.05990600585938,57149200,AAPL,-0.4431568119019236
2022-08-12,167.37074385189385,169.68684147739978,166.9567881529433,169.61785888671875,68039400,AAPL,2.1425718985616182
2022-08-15,169.04619612673898,170.88922057556053,168.8786498167292,170.69210815429688,54091700,AAPL,0.6333350005883309
2022-08-16,170.28804476181145,171.20463947132552,169.18420299774098,170.53443908691406,56377100,AAPL,-0.09237044939435224
2022-08-17,170.27815992548992,173.60940030005358,170.0810475130616,172.03248596191406,79542000,AAPL,0.8784424325203322
2022-08-18,171.24403503116682,172.37744277272193,170.6231165953559,171.6382598876953,62290100,AAPL,-0.2291579244550479
2022-08-19,170.53441975425127,171.23418617524862,168.83922578662404,169.04620361328125,70346300,AAPL,-1.5101855938821962
2022-08-22,167.24258643834608,167.41013274664442,164.72936173644348,165.15316772460938,69026800,AAPL,-2.302941920883228
2022-08-23,164.6702084046216,166.27670374105745,164.24640247078557,164.8180389404297,54147100,AAPL,-0.20291998560906244
2022-08-24,164.90677623350408,165.68537556627746,163.85220146265053,165.11373901367188,53841500,AAPL,0.17941001794654632
2022-08-25,166.34568075789667,167.68606604641604,165.92188987692106,167.57765197753906,51218200,AAPL,1.4922519340823337
2022-08-26,168.10990520235598,168.58297803338863,161.20099961189769,161.2601318359375,78961000,AAPL,-3.7699061104211617
2022-08-29,158.82573564976346,160.55049548789057,157.5149314068537,159.05242919921875,73314000,AAPL,-1.3690318937385038
2022-08-30,159.79161664881417,160.2154075742502,155.44521812063925,156.61805725097656,77906200,AAPL,-1.5305468520653953
2022-08-31,157.99786809208942,158.2639781293564,154.87359037905333,154.9524383544922,87991100,AAPL,-1.0634909701473738
2022-09-01,154.3807937267726,156.13511973195193,152.43920566957192,155.6817626953125,74229900,AAPL,0.4706762594802072
2022-09-02,157.44591977956676,158.0471223283173,152.73486310130946,153.562744140625,76957800,AAPL,-1.361121892507522
2022-09-06,154.21324568103077,154.82429865337028,151.47334262357523,152.3012237548828,73714800,AAPL,-0.8215015906377299
2022-09-07,152.587059729615,154.410368411757,151.3945047755551,153.7106170654297,87449600,AAPL,0.9253985462488457
2022-09-08,152.4096506976959,154.10484460794962,150.47791285622748,152.2322540283203,84923800,AAPL,-0.9617832946959615
2022-09-09,153.2276900777651,155.54380253729465,152.51807328330133,155.10028076171875,68028800,AAPL,1.8839809945038866
2022-09-12,157.28824820471496,161.8908915280311,157.0024374583422,161.07286071777344,104956000,AAPL,3.850786037731546
2022-09-13,157.59379629154282,158.22456513012241,151.15797805083207,151.62120056152344,122656600,AAPL,-5.867940827605267
2022-09-14,152.55747250443096,154.83416823515125,151.39449874644285,153.06997680664062,87965400,AAPL,0.9555235282082686
2022-09-15,152.41950862141564,153.00101060134492,149.19668199140034,150.17239379882812,90481100,AAPL,-1.892979321132815
2022-09-16,149.02915859285633,149.16713882112455,146.23010747285983,148.52650451660156,162278800,AAPL,-1.0959998975786478
2022-09-19,147.15650634266927,152.3307858345421,146.94954358467322,152.25193786621094,81474200,AAPL,2.5082616478010245
2022-09-20,151.18751937449895,155.80002796923935,150.8721425262803,154.6370391845703,107689800,AAPL,1.5665490710898178
2022-09-21,155.07072998785742,156.45054724189947,151.3846804817515,151.50294494628906,101696800,AAPL,-2.026742270033044
2022-09-22,150.1822704357891,152.24212333754144,148.73347063401485,150.53707885742188,86652500,AAPL,-0.6375229796421467
2022-09-23,149.00940896271652,149.28536935652284,146.41733629369975,148.26036071777344,96029900,AAPL,-1.5123969170444562
2022-09-26,147.50148298209515,151.55220575538115,147.48176722784044,148.59547424316406,93339400,AAPL,0.22603042631774706
2022-09-27,150.5370433245279,152.48848166353116,147.78727494625255,149.5711669921875,84442700,AAPL,0.6566100037655342
2022-09-28,145.5106120290712,148.46734352386844,142.75099295951767,147.6788787841797,146691400,AAPL,-1.2651423707262022
2022-09-29,143.99281757061257,144.60387054853373,138.65097655674526,140.42501831054688,128138200,AAPL,-4.91191464436409
2022-09-30,139.2423671597571,141.03612515991253,136.00967464661605,136.206787109375,124925300,AAPL,-3.003902902717337
2022-10-03,136.21663934873945,141.0065454207756,135.7041349641021,140.39547729492188,114311700,AAPL,3.0752433666784373
2022-10-04,142.9382384476115,144.11107754403744,142.1793399077984,143.99281311035156,87830100,AAPL,2.56228753571095
2022-10-05,141.99211625326663,145.2543744211321,140.94739177527688,144.2884979248047,79471000,AAPL,0.20534692535418841
2022-10-06,143.7069978739473,145.41204208560697,143.12551098076761,143.3324737548828,68402200,AAPL,-0.662578226034416
2022-10-07,140.4841338204693,141.0360695527831,137.43870461123964,138.06947326660156,85925600,AAPL,-3.6718828262754077
2022-10-10,138.3947296142578,139.84352910239818,136.57142106787293,138.3947296142578,74899000,AAPL,0.23557441044785854
2022-10-11,137.88223882715224,139.31133774176766,136.22647641502994,136.9755096435547,77033700,AAPL,-1.025487007098369
2022-10-12,137.123356205743,138.33561191162715,136.16734514961954,136.34474182128906,70433700,AAPL,-0.46049678800761384
2022-10-13,133.04307103462438,141.51902589270472,132.43200294708785,140.9276885986328,113224000,AAPL,3.3612933774525455
2022-10-14,142.22861988773633,142.43559768266257,136.19689323010235,136.3841552734375,88598000,AAPL,-3.2240174875325267
2022-10-17,139.03534855321575,140.83894115059826,138.24688397981322,140.35601806640625,85250900,AAPL,2.9122611677328214
2022-10-18,143.39160620792404,144.58414598172774,138.58198553276452,141.67669677734375,99136600,AAPL,0.9409491157783112
2022-10-19,139.6464402055219,142.8594165632396,139.4591781255194,141.78514099121094,61758300,AAPL,0.07654343751224424
2022-10-20,140.95725591977873,143.78585768272674,140.59258212799125,141.32191467285156,64522000,AAPL,-0.3267100594046668
2022-10-21,140.80941666017796,145.71760218486398,140.5925884624425,145.14596557617188,86548600,AAPL,2.7059150112512143
2022-10-24,145.06708076816867,148.06322822559991,143.89424173414176,147.2944793701172,75981900,AAPL,1.4802435502885514
2022-10-25,147.92525860269856,150.2906525903393,147.20579155352908,150.14280700683594,74732300,AAPL,1.933764014034467
2022-10-26,148.78273318220164,149.7978764436125,145.9048346701109,147.19595336914062,88194300,AAPL,-1.9627005092299532
2022-10-27,145.934419951747,146.900281375259,142.0512434645865,142.71157836914062,109180200,AAPL,-3.0465341589615558
2022-10-28,146.06252959255997,155.2284000306861,145.68802050452555,153.49378967285156,164762400,AAPL,7.5552463415557325
2022-10-31,150.95102127521648,152.01544655256544,149.72890002224932,151.12841796875,97943200,AAPL,-1.5410211117615868
2022-11-01,152.84330260142488,153.20796132588728,146.97912170575748,148.47718811035156,80379300,AAPL,-1.754289427516309
2022-11-02,146.80170816398885,149.97526767506156,142.9086815703328,142.93824768066406,93604600,AAPL,-3.730499277485533
2022-11-03,140.01108109963562,140.74041357111363,136.74882328898968,136.876953125,97918500,AAPL,-4.240498714665575
2022-11-04,140.27297665062395,140.84556152923415,132.6615790911303,136.6104278564453,140814800,AAPL,-0.19471887886873818
2022-11-07,135.35664228494105,137.37054820183675,133.93505454893932,137.14349365234375,83374600,AAPL,0.39020871558839154
2022-11-08,138.61446164278013,139.6214071902777,135.7318039714629,137.71609497070312,89908500,AAPL,0.4175198568376226
2022-11-09,136.72886334632145,136.77822695953947,132.86886077303504,133.14527893066406,74917800,AAPL,-3.319013686099237
2022-11-10,139.43384265889435,144.99183654785156,137.7160881791185,144.99183654785156,118854000,AAPL,8.897467272089044
2022-11-11,143.95524219909376,148.09164728336765,142.523772935821,147.78561401367188,93979700,AAPL,1.9268515609830894
2022-11-14,147.06499838857653,148.35824392301274,145.54468320886602,146.38381958007812,73374100,AAPL,-0.948532401444746
2022-11-15,150.2734222564666,151.6258979697989,146.66022247085542,148.1212921142578,89868300,AAPL,1.1869293608841813
2022-11-16,147.22293159756276,147.95345884286033,145.40645005416332,146.88726806640625,64218300,AAPL,-0.8331172583207369
2022-11-17,144.5574692004244,149.5428936157141,144.28105100101916,148.79261779785156,80389400,AAPL,1.2971510441489809
2022-11-18,150.36226138845927,150.74727347635653,148.05218886107582,149.3553009033203,74829600,AAPL,0.3781660097097017
2022-11-21,148.2397789385964,148.4470850528785,145.83097890062086,146.1172637939453,58724100,AAPL,-2.168009498016432
2022-11-22,146.23571841721474,148.49642726977405,145.05105196598853,148.25949096679688,51804100,AAPL,1.4661013471156448
2022-11-23,147.53884398667913,149.88841358362208,147.4302500541231,149.1381378173828,58301400,AAPL,0.5926412163270722
2022-11-25,146.41341229167975,146.97613037369675,145.23862757756845,146.21597290039062,35195900,AAPL,-1.9593679790814722
2022-11-28,143.28398111610815,144.76479944722283,141.54649303051897,142.37574768066406,69246000,AAPL,-2.626406091995648
2022-11-29,142.4448277773216,142.95818228893546,138.55522474324414,139.36473083496094,83763800,AAPL,-2.1148383026978523
2022-11-30,139.59178750228543,146.81818743880567,138.75266623992653,146.1370086669922,111380900,AAPL,4.859391462572504
2022-12-01,146.3147094607483,147.22294276953917,144.73516410236186,146.41342163085938,71250400,AAPL,0.18914644988872187
2022-12-02,144.09351189018338,146.10741832557784,143.78746342805067,145.9198455810547,65447400,AAPL,-0.33711120490654833
2022-12-05,145.88034988563246,148.99006226616046,143.90592550087496,144.7549285888672,68826400,AAPL,-0.7983266344264495
2022-12-06,145.18929508684244,145.4163496587564,140.10514358274577,141.08248901367188,64727200,AAPL,-2.5370048612477825
2022-12-07,140.37167982245785,141.536582777895,138.20968308402922,139.13766479492188,69721100,AAPL,-1.378501493946238
2022-12-08,140.53947508833096,141.6846444131022,139.29559361990093,140.8257598876953,62128300,AAPL,1.2132553002535795
2022-12-09,140.51976247530513,143.70846830830249,139.0981746838461,140.34207153320312,76097000,AAPL,-0.3434658225014431
2022-12-12,140.87517003337655,142.65215490653637,139.2561427186447,142.6422882080078,70462700,AAPL,1.6390072126450494
2022-12-13,147.58822033452066,148.05221126240446,142.39548971088675,143.60975646972656,93886200,AAPL,0.6782478561392358
2022-12-14,143.49129555982842,144.78454109797417,139.35487413932952,141.378662109375,82291200,AAPL,-1.553581327061082
2022-12-15,139.30547253397592,139.98665115869375,134.29043424832926,134.75442504882812,98931900,AAPL,-4.6854574528525035
2022-12-16,134.9420010552602,135.88971607194347,132.01984711589319,132.7898712158203,160156900,AAPL,-1.4578770472999047
2022-12-19,133.38222793972224,133.47107341378072,129.64070069453433,130.67726135253906,79592600,AAPL,-1.5909420228653381
2022-12-20,129.70980289008992,131.54601807895426,128.22898467531743,130.60816955566406,77432800,AAPL,-0.052872088196431744
2022-12-21,131.27945009767515,135.06047393891612,131.05239555108,133.71786499023438,85928000,AAPL,2.3809348566400157
2022-12-22,132.63194706396897,132.8392531621343,128.63373518479884,130.53904724121094,77852100,AAPL,-2.377257331513327
2022-12-23,129.24580060550824,130.72661868998517,127.9821703785141,130.1737823486328,63814900,AAPL,-0.2798127459159305
2022-12-27,129.69991443642402,129.72952959065904,127.07392696075074,128.36717224121094,69007800,AAPL,-1.3878448292939605
2022-12-28,128.0117765700734,129.35438547518544,124.26037553788484,124.4281997680664,85438400,AAPL,-3.0685200930833934
2022-12-29,126.35326658304521,128.8114224477477,126.09659687618785,127.95255279541016,75703700,AAPL,2.832439136717513
2022-12-30,126.76791156272077,128.28821159493137,125.80044037402875,128.26846313476562,77034200,AAPL,0.24689647252336133
2022-01-04,144.52921565689223,145.61172805654422,142.85973882111625,143.53866577148438,28400000,GOOGL,-0.40827846954649694
2022-01-05,143.55903366265252,143.63805802202612,136.86717203821607,136.95364379882812,54618000,GOOGL,-4.5876293591440405
2022-01-06,136.18177233612653,139.1057340622468,135.74439301975394,136.92630004882812,37348000,GOOGL,-0.019965697327606335
2022-01-07,137.3219468686738,137.6231495325397,134.957131312055,136.20018005371094,29760000,GOOGL,-0.5302998728938468
2022-01-10,134.27273812048503,137.99193409256577,132.37064747523667,137.8428192138672,44408000,GOOGL,1.206047715581926
2022-01-11,137.1842728472831,139.38010349479987,135.87761035191718,138.9029541015625,28730000,GOOGL,0.7690896731083807
2022-01-12,140.30851123755903,141.7578269611901,139.85573658432193,140.58734130859375,26108000,GOOGL,1.2126359859846225
2022-01-13,140.69620190143218,141.9984050707891,137.58387064999252,137.7608184814453,31436000,GOOGL,-2.0105101930508296
2022-01-14,136.26179885959323,139.90297148547612,136.18178858877843,138.64898681640625,29662000,GOOGL,0.6447176670052679
2022-01-18,135.36318734561587,136.3139823208057,134.63108204024,135.18724060058594,34872000,GOOGL,-2.4967699334177085
2022-01-19,135.70959909335295,137.13704283674758,134.2105935650116,134.3109893798828,28648000,GOOGL,-0.6481759793381947
2022-01-20,135.43773450627486,136.8055384078556,132.1718141234269,132.5127716064453,29908000,GOOGL,-1.3388463458871902
2022-01-21,131.80304038371057,134.0614836836018,129.31098227824953,129.57440185546875,55652000,GOOGL,-2.2174238115729272
2022-01-24,125.22696709031449,130.42082382606242,123.75778148192607,130.02420043945312,76622000,GOOGL,0.3471353736103744
2022-01-25,127.97250798721907,128.6275758896515,125.746357067885,126.17826080322266,46960000,GOOGL,-2.9578644769450935
2022-01-26,130.3373127663746,132.20709555584364,126.38401742271589,128.46255493164062,49130000,GOOGL,1.8103705930614833
2022-01-27,130.5212372535166,131.86169373449613,128.16386915374457,128.23594665527344,31950000,GOOGL,-0.17640025646988855
2022-01-28,128.88603867698754,132.56150585800478,127.71904144423628,132.5560302734375,34362000,GOOGL,3.3688554035300244
2022-01-31,133.362182332682,134.66537128574515,131.42132296392336,134.4968719482422,39986000,GOOGL,1.4641670173745513
2022-02-01,136.77420562188033,136.9715238091807,133.56744001031473,136.8234100341797,68644000,GOOGL,1.7298083235964157
2022-02-02,150.34831601220208,150.64304198235166,144.65496744664003,147.11769104003906,123200000,GOOGL,7.523771701997317
2022-02-03,144.8368701996138,148.78270339835078,141.81498491185366,142.23695373535156,71518000,GOOGL,-3.317573345655056
2022-02-04,142.58935253590573,144.01132078033405,139.67731252149167,142.43875122070312,57998000,GOOGL,0.14187416142714682
2022-02-07,143.39005107820873,143.39005107820873,138.0719391305357,138.37115478515625,54974000,GOOGL,-2.8556810563751034
2022-02-08,138.19770098290965,139.16539299380133,136.19720149218858,138.56797790527344,54284000,GOOGL,0.14224288322430834
2022-02-09,140.12314679417082,141.6748455006847,139.35127141073957,140.74789428710938,40144000,GOOGL,1.5731747080311331
2022-02-10,138.8706462219563,140.64101922023315,137.1345525010559,137.79359436035156,39330000,GOOGL,-2.0990011550235943
2022-02-11,137.77374555304485,138.32691610031569,132.60473309175262,133.4819793701172,39958000,GOOGL,-3.1290387700888544
2022-02-14,132.46209224009067,135.4874512199299,132.46209224009067,134.7180633544922,34302000,GOOGL,0.926030607433237
2022-02-15,136.75036860669405,137.28517090384545,135.01180231428398,135.7941131591797,26680000,GOOGL,0.798742037922584
2022-02-16,135.83187026783972,137.26278747790528,134.11963545323007,136.9168701171875,25022000,GOOGL,0.8268082701727186
2022-02-17,135.4307685686015,136.29607765208186,131.68871517615923,131.7488555908203,38950000,GOOGL,-3.7745637348734817
2022-02-18,132.67130865688407,133.27072578097733,129.4203137103387,129.62557983398438,45620000,GOOGL,-1.6116085011245285
2022-02-22,129.06395617131994,131.392489926859,127.45907922134613,129.03961181640625,44990000,GOOGL,-0.4520465932176254
2022-02-23,130.86366373256033,131.26376055099263,126.76722927425091,126.8273696899414,32786000,GOOGL,-1.7143899422236042
2022-02-24,124.20856591969482,132.2070964049486,124.20856591969482,131.89993286132812,54456000,GOOGL,3.999580834789662
2022-02-25,132.75582212087886,134.46506889287124,130.9660493781838,133.6579132080078,36406000,GOOGL,1.3328136781751931
2022-02-28,132.25682258449942,134.94220988931022,131.80204573364148,134.25186157226562,38864000,GOOGL,0.444379498379166
2022-03-01,134.0743987504672,135.44318849556387,132.42430658177463,133.26226806640625,26496000,GOOGL,-0.737117157460565
2022-03-02,133.8254077789069,134.4561161649119,132.27818373169396,133.7692413330078,23520000,GOOGL,0.38043271659531364
2022-03-03,135.19914893630838,135.6260927709551,132.23244442777408,133.1012420654297,24604000,GOOGL,-0.49936686559745036
2022-03-04,132.13502627711011,133.0535136251189,129.56045565596136,131.12010192871094,30430000,GOOGL,-1.488446017464562
2022-03-07,130.70412780420082,130.94964934342582,125.54207801591977,125.62508392333984,45112000,GOOGL,-4.190828045846617
2022-03-08,125.4973427567526,130.46753454909924,124.92527319608321,126.34674835205078,40428000,GOOGL,0.574458862969851
2022-03-09,130.46754173493875,132.93822833664126,129.1260843481061,132.62460327148438,37026000,GOOGL,4.968750681213474
2022-03-10,130.4834530154013,132.47749079965467,130.13206007166875,131.6400146484375,27102000,GOOGL,-0.7423876104129867
2022-03-11,132.69267932540822,132.9978558851597,128.85867886012454,129.09625244140625,31526000,GOOGL,-1.9323624460425015
2022-03-14,129.47349340942435,129.63154210743392,124.5281541990519,125.20011901855469,38812000,GOOGL,-3.018006602956913
2022-03-15,126.21902655233679,129.08037574951774,124.97101046602354,128.4277801513672,30920000,GOOGL,2.5780016489713953
2022-03-16,129.95363304530028,132.53812396756078,127.9670425512533,132.48594665527344,35576000,GOOGL,3.1598821525399057
2022-03-17,132.35521826895487,133.2811682958072,131.3969607813396,133.04110717773438,28264000,GOOGL,0.4190335174986126
2022-03-18,132.62907833291945,135.43177341231217,131.4700291742391,135.31398010253906,44566000,GOOGL,1.7083989851108816
2022-03-21,135.35175748250273,136.23297769775175,133.29310462500897,135.29013061523438,26832000,GOOGL,-0.017625294361023336
2022-03-22,135.29012387121904,140.20912465713957,135.29012387121904,139.03416442871094,35496000,GOOGL,2.767410894239286
2022-03-23,137.8755976559488,138.75631717331473,137.0132767052679,137.45114135742188,25154000,GOOGL,-1.138585669064629
2022-03-24,138.37014375246187,140.77472897804753,136.92929162847878,140.72801208496094,26396000,GOOGL,2.38402584014783
2022-03-25,141.06994721627316,141.18824105648594,138.90443733459907,140.82839965820312,24126000,GOOGL,0.07133446408777999
2022-03-28,140.0605139005608,141.1559492617767,138.9780015247336,140.61221313476562,35050000,GOOGL,-0.15351060152795082
2022-03-29,141.7970964844151,142.93626058492885,141.19171837433169,141.6559295654297,34318000,GOOGL,0.7422658440513485
2022-03-30,141.61072161056262,141.86966668046006,140.75584795284888,141.0923309326172,19884000,GOOGL,-0.39786448371169625
2022-03-31,141.20613989201064,141.26081989485832,138.19570617073663,138.2384490966797,37524000,GOOGL,-2.0227051442650357
2022-04-01,138.6683525128137,139.6335568528457,137.48295690375926,139.31497192382812,25942000,GOOGL,0.778743420649608
2022-04-04,139.5217571731668,142.85526562671214,139.47403919980835,142.11917114257812,25942000,GOOGL,2.0128484254249512
2022-04-05,142.0172882097169,142.1380544214497,139.54561551027928,139.75286865234375,21418000,GOOGL,-1.6650128699810862
2022-04-06,137.92283149938373,138.52969608362878,134.7091035718488,135.7339630126953,32468000,GOOGL,-2.875723180785694
2022-04-07,135.19916586671314,136.34679370749257,133.427291093324,135.07839965820312,26234000,GOOGL,-0.4829766551727843
2022-04-08,134.77519145002083,134.86117782801782,132.1728028749494,132.49288940429688,25142000,GOOGL,-1.914081200583162
2022-04-11,131.03762676950097,131.3050203167302,127.90143673113246,128.05551147460938,36884000,GOOGL,-3.349144206635135
2022-04-12,130.81546706889182,130.81546706889182,126.03314343903256,126.953125,32710000,GOOGL,-0.8608660899597109
2022-04-13,127.23690781797103,129.55699294493664,126.97944921777155,129.11961364746094,27928000,GOOGL,1.7065264423076876
2022-04-14,129.70164613267772,129.70164613267772,125.8462585754794,125.97449493408203,31598000,GOOGL,-2.435817940073859
2022-04-18,126.24288641630555,127.4481520009854,125.42976215444064,126.91535186767578,20808000,GOOGL,0.7468630329385828
2022-04-19,126.9302438012896,129.55599084405083,126.24236793907092,129.2339324951172,26490000,GOOGL,1.8268716851991273
2022-04-20,130.11166710704876,130.61564831637017,126.73989069419986,127.27666473388672,31696000,GOOGL,-1.5145153625224728
2022-04-21,128.4794624420053,129.32289952975387,123.78411899307085,124.07040405273438,36446000,GOOGL,-2.5191268861861515
2022-04-22,124.25480030947274,124.65440417196703,118.21602004799682,118.92227935791016,56884000,GOOGL,-4.14935756365884
2022-04-25,118.39096451696345,122.5425642855984,117.80448550569228,122.34027862548828,46128000,GOOGL,2.8741454385441623
2022-04-26,121.56543114122859,121.77964629471171,117.80448619401584,117.94265747070312,73054000,GOOGL,-3.5945816081123128
2022-04-27,113.78707319758975,116.54304367581462,112.06441058282587,113.61312103271484,91820000,GOOGL,-3.670882554993926
2022-04-28,115.72098381439348,118.93619817833041,113.43469241008683,117.81591796875,48884000,GOOGL,3.69921792292367
2022-04-29,116.03858071676747,117.2170144135406,113.13599020818897,113.42922973632812,42676000,GOOGL,-3.723340876217951
2022-05-02,112.7289296282001,116.04951496143582,111.92872836961672,115.88798522949219,35534000,GOOGL,2.1676559903294423
2022-05-03,115.73638152472337,117.73589481701792,115.34274621028139,116.6344985961914,24968000,GOOGL,0.6441680431503727
2022-05-04,116.33380387873802,122.12208739664607,114.42971894184117,121.5321273803711,49916000,GOOGL,4.199125338666843
2022-05-05,119.48738839538174,120.31740950899206,114.31987844655293,115.8109359741211,45840000,GOOGL,-4.707554726120955
2022-05-06,114.49782667278782,116.87059755047028,113.33579696645342,115.05647277832031,39710000,GOOGL,-0.6514610986041669
2022-05-09,112.57484853572669,114.39096014652678,111.3328010767772,111.84025573730469,40802000,GOOGL,-2.7953377705331905
2022-05-10,114.81889108696211,115.5569649081188,112.2274307129591,113.71302032470703,39900000,GOOGL,1.6744995574770272
2022-05-11,112.56143181091423,115.6707822589766,112.56143181091423,112.92524719238281,37534000,GOOGL,-0.6927730264086995
2022-05-12,110.71351561460774,113.61361843345463,109.1697725659564,112.17127227783203,53836000,GOOGL,-0.6676761249557295
2022-05-13,113.85019514284443,117.17227426671184,112.92773371291064,115.35865020751953,35038000,GOOGL,2.841527839492475
2022-05-16,114.27018049824444,115.47744057508254,113.21054125348216,113.76272583007812,25990000,GOOGL,-1.3834457793763022
2022-05-17,116.14394252981128,116.20308945221458,114.18519273143225,115.77863311767578,23054000,GOOGL,1.7720279405125439
2022-05-18,114.31441707721152,114.71203395774059,110.89044801452674,111.2323989868164,35126000,GOOGL,-3.92666073906629
2022-05-19,110.76719271537465,112.33628116950564,109.34422347633978,109.72593688964844,34144000,GOOGL,-1.354337504980463
2022-05-20,111.28358606140381,111.51470574636961,105.16578164113857,108.25872802734375,48962000,GOOGL,-1.3371577440074778
2022-05-23,108.9341891203505,111.47892510130204,108.09273139410739,110.82335662841797,37184000,GOOGL,2.3689809106444137
2022-05-24,105.14143154716889,105.82383944668105,101.27710276285752,105.33824920654297,76780000,GOOGL,-4.949414625895276
2022-05-25,104.35960668786164,105.86508118323289,103.23733960765351,105.17422485351562,40258000,GOOGL,-0.15571205546214273
2022-05-26,105.04699746381934,108.00177265083983,104.59768865078523,107.14988708496094,37948000,GOOGL,1.8784661681100712
2022-05-27,108.83031513832036,111.64841328108155,108.48786360817178,111.64691925048828,37914000,GOOGL,4.196954647242479
2022-05-31,112.0743447671006,115.0450309118303,111.41032786657507,113.08379364013672,50012000,GOOGL,1.286980777700375
2022-06-01,114.17028434444956,116.4033897404966,112.57484936748612,113.21302032470703,36606000,GOOGL,0.11427515863284832
2022-06-02,113.3203782106732,117.19662897020942,112.27316142016656,116.92127990722656,37992000,GOOGL,3.2754709413138627
2022-06-03,115.37057564840961,115.62803424981857,112.84174336774471,113.85814666748047,26136000,GOOGL,-2.619825272334164
2022-06-06,116.00874822020486,118.63549640968621,115.47147364090941,116.12406158447266,33542000,GOOGL,1.9901210263062907
2022-06-07,114.79204682193456,116.98937123932387,114.36610405154696,116.45109558105469,31590000,GOOGL,0.2816246625546581
2022-06-08,116.06540649330724,117.86362757430514,115.90487027027757,116.49533081054688,26108000,GOOGL,0.037986099891518244
2022-06-09,115.63400390416722,117.593754839047,114.09175487021218,114.1509017944336,25798000,GOOGL,-2.012466078941788
2022-06-10,111.77464346239495,112.60367109339268,109.70803533883117,110.49879455566406,41452000,GOOGL,-3.199367837974998
2022-06-13,106.14988045477023,108.14292471325601,105.48636407086114,105.75823211669922,47252000,GOOGL,-4.29014855594354
2022-06-14,105.89988738183253,107.28109964947232,105.1692685318189,106.07930755615234,33706000,GOOGL,0.30359380355264864
2022-06-15,107.89789521513327,110.7592366013652,107.02761866972331,109.1101303100586,39698000,GOOGL,2.857129089291899
2022-06-16,106.5817954556789,108.00078319480663,104.51121321843314,105.40137481689453,51684000,GOOGL,-3.399093633766981
2022-06-17,105.40136989732684,108.05147659913487,104.41975395732656,106.50475311279297,51376000,GOOGL,1.0468348233742208
2022-06-21,108.28010528992714,111.81888723637447,107.95257132802011,110.87902069091797,47416000,GOOGL,4.107110199572461
2022-06-22,109.89741119699634,112.67077169829913,109.72444493334895,110.82286071777344,30774000,GOOGL,-0.050649773775579554
2022-06-23,111.56242525550843,112.07038048195209,109.84174948806732,111.57286071777344,28362000,GOOGL,0.6767556758077165
2022-06-24,112.32136827738151,117.37505898324034,112.27911830976241,117.27167510986328,41164000,GOOGL,5.107706619179675
2022-06-27,117.56790757654245,117.87257604180955,114.49284392810239,115.14295196533203,36420000,GOOGL,-1.8152065641912296
2022-06-28,115.11213387147164,116.61015355627484,111.18121057476169,111.33975982666016,35792000,GOOGL,-3.303017747727155
2022-06-29,110.88697675313786,112.48588519971345,110.21152327242217,111.03558349609375,24716000,GOOGL,-0.27319650324373335
2022-06-30,109.34422060554833,110.22692716271615,106.11359590583895,108.31340026855469,43170000,GOOGL,-2.4516313976364446
2022-07-01,107.28954043231975,108.59869028058489,106.09420991717995,108.08924865722656,35476000,GOOGL,-0.20694725746985831
2022-07-05,106.46200860720363,112.70108735158314,105.10116680039341,112.5877685546875,39342000,GOOGL,4.161856940764452
2022-07-06,112.62654395425987,114.90040534240629,110.81142577972525,113.88896942138672,37432000,GOOGL,1.1557213393630583
2022-07-07,114.39394012046061,118.47893798548219,114.14891153732349,118.07485961914062,40936000,GOOGL,3.6754131844553006
2022-07-08,116.55100004781416,118.9714810761134,116.20457457816983,118.64196014404297,38238000,GOOGL,0.4802889681440714
2022-07-11,117.29454795960358,117.29454795960358,114.64294710603728,114.98688507080078,31196000,GOOGL,-3.0807608613382387
2022-07-12,115.52217279522108,116.27665063504178,113.01223182023313,113.34075927734375,29960000,GOOGL,-1.4315769945793977
2022-07-13,111.03507587761209,113.51520432957504,110.53855723301301,110.68965148925781,43722000,GOOGL,-2.3390594919156182
2022-07-14,109.55347958626427,110.43071823411985,107.7269323778648,109.70954132080078,37004000,GOOGL,-0.8854578140506164
2022-07-15,111.33280749541423,112.46601072737333,110.23886617356108,111.11112976074219,46770000,GOOGL,1.277544708570999
2022-07-18,111.96848409181302,113.00228493162726,107.72394348641585,108.3800048828125,43164600,GOOGL,-2.4580119775675646
2022-07-19,110.18916255066578,113.34026267093124,108.90685201816059,113.13151550292969,36530900,GOOGL,4.384121061126378
2022-07-20,112.49532639821818,114.71203541621131,111.8094450440941,113.22097778320312,35600400,GOOGL,0.07907812414227333
2022-07-21,113.59870820578736,113.86710282329905,110.44760826832274,113.6583480834961,32676200,GOOGL,0.386297935997737
2022-07-22,110.33826189384762,111.67026970346,105.86508911436731,107.25674438476562,48901200,GOOGL,-5.63232160828846
2022-07-25,107.7637080493946,109.21500322305656,105.66628639016591,106.86907196044922,34690900,GOOGL,-0.3614434006366074
2022-07-26,105.9644880747459,106.56090957630254,103.44957222750966,104.39390563964844,47991000,GOOGL,-2.3160735612234085
2022-07-27,108.60863734179594,113.23091740301436,107.36608934597976,112.38597869873047,59858500,GOOGL,7.655689295378432
2022-07-28,111.70010055972485,113.65834988670439,110.79552195259807,113.53907012939453,32816600,GOOGL,1.0260100450387277
2022-07-29,112.40586640822389,116.01422314436486,112.38598139282392,115.62654876708984,37223400,GOOGL,1.838555340744219
2022-08-01,114.61263415838545,116.0241669106426,113.65835059052932,114.17525482177734,26034300,GOOGL,-1.2551563293961898
2022-08-02,113.32037341291459,115.6563620498197,113.0420438846244,114.44363403320312,20236000,GOOGL,0.23505899929430196
2022-08-03,115.02017918318144,117.91283448771725,114.79155460447414,117.37605285644531,28499000,GOOGL,2.562325854133052
2022-08-04,116.77963100646649,118.07187633669885,116.19314442472393,117.48539733886719,21602900,GOOGL,0.09315740286104379
2022-08-05,115.53708598105194,117.40587543333527,115.30845381329435,116.76969146728516,19159500,GOOGL,-0.6091870886027584
2022-08-08,117.68421392990444,119.43372376168966,116.18321371577406,116.60071563720703,19138300,GOOGL,-0.14470863796489652
2022-08-09,116.44166173785118,116.62058895961314,115.0201864716065,115.93470001220703,19086500,GOOGL,-0.5711934282395359
2022-08-10,118.07188325599472,120.19912488505013,117.70409389136421,118.98639678955078,30930400,GOOGL,2.632254861592287
2022-08-11,120.55697153723173,120.76571868354137,117.85318597451685,118.13151550292969,24293700,GOOGL,-0.7184697660297279
2022-08-12,119.54306471092711,120.95459747314453,118.74783092673934,120.95459747314453,19096300,GOOGL,2.389778847918733
2022-08-15,120.4078775280463,121.57090830545873,119.89098085890542,121.35221862792969,19494800,GOOGL,0.32873587535475757
2022-08-16,120.7955448278805,121.70012342561321,119.92079375307682,120.97447204589844,19041200,GOOGL,-0.31128115027664327
2022-08-17,119.40388945958001,120.56691251018206,118.66829561937958,118.83728790283203,22847000,GOOGL,-1.766640603527947
2022-08-18,118.71800411481586,120.09971685732786,118.01223777456167,119.4535903930664,17987700,GOOGL,0.5186103630522965
2022-08-19,118.35020759207129,118.43967499028004,116.06392385883379,116.51123809814453,21809500,GOOGL,-2.463176104828624
2022-08-22,114.51322065616014,114.94065747155288,113.17127033282841,113.55894470214844,21456600,GOOGL,-2.533912989156628
2022-08-23,112.80348151528472,114.32435906122531,112.75377656147951,113.18121337890625,15870400,GOOGL,-0.3326301809451704
2022-08-24,112.82336019357952,114.09572815238087,112.19711872183203,113.0122299194336,17734600,GOOGL,-0.14930345277969215
2022-08-25,113.5589460024437,116.02416459980168,113.42972373916109,115.95458221435547,16956800,GOOGL,2.603569805692252
2022-08-26,114.03609078144194,114.43370767328705,109.53309787228136,109.68219757080078,37245700,GOOGL,-5.409346076517663
2022-08-29,109.33427887822451,110.28855480933758,108.15137836756828,108.7676773071289,21191200,GOOGL,-0.8337909742203609
2022-08-30,109.5132132678535,109.84124777365112,107.15734701546133,108.2905502319336,27513300,GOOGL,-0.43866623523460824
2022-08-31,109.99035814409085,110.18916280438485,107.4853769544811,107.57484436035156,28627000,GOOGL,-0.6609125819835193
2022-09-01,107.63448205707193,109.79154367151925,106.71996850402212,109.08577728271484,28360900,GOOGL,1.4045411186485168
2022-09-02,109.93069412215625,110.07980138687547,106.62055228172441,107.20703125,24160700,GOOGL,-1.7222648813747243
2022-09-06,106.66031728091068,107.38596102460626,105.14937475194523,106.17323303222656,25068300,GOOGL,-0.9643007606121357
2022-09-07,106.42174942438324,109.32434733653615,106.26270722290033,108.79750061035156,23167000,GOOGL,2.4716847205062065
2022-09-08,107.39591727900688,108.94661486636787,106.52116615504382,107.73388671875,24238300,GOOGL,-0.9776087553801438
2022-09-09,108.41976634749524,110.32831822653726,108.37006139468133,109.99034881591797,23197700,GOOGL,2.0944775742275823
2022-09-12,110.32832657870526,110.9545756623608,109.274648237701,110.19910430908203,22966800,GOOGL,0.18979437324400106
2022-09-13,107.15734670246523,107.65436592170875,103.46945742183634,103.69808959960938,38172900,GOOGL,-5.899335344177459
2022-09-14,103.94659425535939,104.65236060298048,103.04202326308005,104.37403106689453,26395100,GOOGL,0.6518359883919134
2022-09-15,103.40981937681985,104.64242493891439,101.73983446718047,102.29650115966797,34188300,GOOGL,-1.9904662931865214
2022-09-16,101.46149768962303,102.51517595124567,100.33823704438211,102.18714904785156,42797200,GOOGL,-0.10689721601105928
2022-09-19,101.14341305743453,102.71399564052905,100.94460839948577,102.4555435180664,23036800,GOOGL,0.2626499248835623
2022-09-20,101.47143921044817,101.75971124946722,99.92073418731424,100.53704071044922,26517100,GOOGL,-1.8725222098684102
2022-09-21,101.0638844596154,102.2666700391546,98.6781907320393,98.6881332397461,31487300,GOOGL,-1.8390311248846603
2022-09-22,98.23086895545558,100.63643993036179,98.2010490185295,99.54299926757812,34298600,GOOGL,0.8662298087605658
2022-09-23,99.03604551995694,99.06587304318265,96.88892646629729,98.15135192871094,31625400,GOOGL,-1.3980363753420266
2022-09-26,97.5151649302327,99.28455205804735,97.21695796239275,97.58474731445312,27072700,GOOGL,-0.5772764237311212
2022-09-27,98.83723364154127,99.40383519881811,96.29249788730299,96.91873931884766,30072800,GOOGL,-0.6824918995376961
2022-09-28,97.06785094799773,100.0996635073818,96.53106930374656,99.45354461669922,32466300,GOOGL,2.61539235411683
2022-09-29,98.05195391388744,98.05195391388744,95.38793051528353,96.83922576904297,31047200,GOOGL,-2.6286834297681527
2022-09-30,96.47142820364247,98.31039769731512,94.99030555102236,95.07977294921875,32941500,GOOGL,-1.8168803042895365
2022-10-03,96.18315905930629,98.69807503322653,95.94458437953722,98.05194854736328,27982000,GOOGL,3.125980958885899
2022-10-04,99.84122216617615,101.23286989867923,99.7815747034179,101.03406524658203,28850800,GOOGL,3.0413640354921334
2022-10-05,99.23485742540439,101.322336593497,98.21099906482014,100.8253173828125,22176900,GOOGL,-0.20661136742351482
2022-10-06,100.07978996315707,102.31637644244343,99.99032256035169,100.81537628173828,22324000,GOOGL,-0.009859727033112442
2022-10-07,99.25473609907833,99.93068253742511,97.71398107702072,98.09171295166016,27502800,GOOGL,-2.7016348403705703
2022-10-10,98.40979921111469,98.50920153191949,96.43166496662876,97.27659606933594,18225100,GOOGL,-0.8309742564348022
2022-10-11,96.84916420870518,98.65831384179268,95.73583844068543,96.60065460205078,26507100,GOOGL,-0.6948654605506199
2022-10-12,96.71993378718831,98.16128635067187,96.16326715816574,96.97837829589844,21876400,GOOGL,0.3910156669265863
2022-10-13,94.5827652923608,99.18516084151065,93.8173513963192,98.46945190429688,34574500,GOOGL,1.5375320092989142
2022-10-14,99.39389646244369,100.08972788557917,95.79548234543871,95.98434448242188,25410700,GOOGL,-2.5237343905298637
2022-10-17,98.27064016930143,100.32829942385068,98.24082022971412,99.3740234375,28419200,GOOGL,3.531491487863314
2022-10-18,102.51518181869643,102.85315883269428,99.37402428483074,100.16925048828125,24060700,GOOGL,0.8002363427313641
2022-10-19,99.41378069859553,100.41775400391155,98.33027491867685,99.03604125976562,23811100,GOOGL,-1.1312945070385605
2022-10-20,99.40384337708731,101.71001224007928,98.79747932577416,99.3740234375,25323200,GOOGL,0.341271898023332
2022-10-21,97.26666228688097,100.70603446583227,97.13744001663463,100.52710723876953,32458700,GOOGL,1.1603473034326184
2022-10-24,101.1931046229148,102.13743799907438,99.38395517290563,101.90880584716797,27176400,GOOGL,1.3744537631194875
2022-10-25,102.28654951745078,104.19510136263077,102.10762230797071,103.85713195800781,40611400,GOOGL,1.911832932044888
2022-10-26,95.85512470074238,97.72391419149342,94.12549998143496,94.36406707763672,88114100,GOOGL,-9.140503595082317
2022-10-27,93.95651093489452,94.86108956445847,91.25273272201859,91.67022705078125,60710900,GOOGL,-2.854730736265476
2022-10-28,91.71992637107249,95.97441739691986,91.58076159186237,95.7159652709961,43697300,GOOGL,4.413361186477349
2022-10-31,94.85113464801938,95.45749862976447,93.41972462467456,93.94656372070312,31675000,GOOGL,-1.8485960469429963
2022-11-01,94.8809634826113,95.4575075822616,89.83125410859262,89.93065643310547,47161400,GOOGL,-4.274671822523157
2022-11-02,90.39785657830541,90.6364236762348,86.36205542548035,86.45152282714844,57038300,GOOGL,-3.868684766629016
2022-11-03,85.80539521394677,86.00419986230375,82.84315741639604,82.93262481689453,61288000,GOOGL,-4.070371342433843
2022-11-04,84.89088473417668,86.12349028269047,83.21095733499016,86.06385040283203,51124900,GOOGL,3.775625808119387
2022-11-07,86.75967019753632,88.37001513312653,86.33223338287472,87.96245574951172,34078900,GOOGL,2.2060427668446625
2022-11-08,88.37001037597656,89.78154300555741,87.06781498713387,88.37001037597656,30429000,GOOGL,0.46332793120900106
2022-11-09,87.9226992120129,88.90680275296204,86.75967602788572,86.7994384765625,31769100,GOOGL,-1.7772679812211756
2022-11-10,91.70004695886526,93.82728863390814,91.06386295795029,93.37997436523438,51620100,GOOGL,7.581311589301065
2022-11-11,94.12549600932888,96.35213984237357,93.36008221477822,95.83524322509766,33090500,GOOGL,2.6293312635319976
2022-11-14,94.52311438175597,96.2129843294892,93.94657783347941,95.12947845458984,30179500,GOOGL,-0.7364355186641691
2022-11-15,97.6742145706613,99.54300401835555,96.13345202872004,97.85314178466797,41640800,GOOGL,2.863111807533203
2022-11-16,97.31636294463138,99.04598767388859,97.05791083164448,98.26069641113281,29105200,GOOGL,0.41649620955623856
2022-11-17,96.39190779414312,98.6881341411541,96.21298057334282,97.77362060546875,26052600,GOOGL,-0.49569748989574114
2022-11-18,98.18116702378596,98.31039686632052,95.79548098940924,96.84915924072266,28342300,GOOGL,-0.9455120502046555
2022-11-21,96.71000249420625,97.81338578935984,94.79150796680432,95.03007507324219,21647400,GOOGL,-1.8782653166446783
2022-11-22,95.37797963116253,96.64041262212561,93.48931277423732,96.47142791748047,23438500,GOOGL,1.5167333532330574
2022-11-23,96.51118106925679,98.17123090002794,96.51118106925679,97.87301635742188,18868100,GOOGL,1.452853420123823
2022-11-25,97.65433129044288,98.0519481712884,96.81934266618741,96.87898254394531,9701400,GOOGL,-1.0156362299558186
2022-11-28,96.46149002485787,96.9982716863904,95.04001476855265,95.4773941040039,26237500,GOOGL,-1.4467414945296686
2022-11-29,95.15930210829917,95.54697648874638,93.5489571237337,94.62252044677734,20061700,GOOGL,-0.8953676053363391
2022-11-30,94.25472412772709,100.43764440845241,93.85710723684194,100.387939453125,43647500,GOOGL,6.093072747507877
2022-12-01,100.41775939275689,101.64043000504421,99.65235313452989,100.387939453125,28687100,GOOGL,0.0
2022-12-02,98.45950430330707,100.16924394174623,98.31039702993264,99.84121704101562,21480700,GOOGL,-0.5446096563867187
2022-12-05,98.80741511301005,100.77560683101525,98.4097982497642,98.8869400024414,24405100,GOOGL,-0.9557946776451942
2022-12-06,98.70801663525297,99.18515082259113,95.8451811755794,96.40184783935547,24910700,GOOGL,-2.513064074006721
2022-12-07,95.83525358852569,96.30244530408564,94.15532612887091,94.37401580810547,31045400,GOOGL,-2.1035198771596098
2022-12-08,94.81137896202935,95.0101911904893,92.89288456487947,93.15133666992188,32213300,GOOGL,-1.2955675645611175
2022-12-09,93.21097939860525,93.6980636853028,92.1970635461241,92.2765884399414,28225400,GOOGL,-0.9390613825329241
2022-12-12,92.1573016054478,93.00223275114196,91.06386085314293,92.75372314453125,29420000,GOOGL,0.517070161193045
2022-12-13,97.17719742140095,98.93664207626901,94.46346921578849,95.05989074707031,40593700,GOOGL,2.486334267084378
2022-12-14,94.63244949137042,96.29249932779648,93.0419896211789,94.50322723388672,28733600,GOOGL,-0.585592418430958
2022-12-15,92.57479266918149,93.08175437233609,89.47339774143826,90.31832885742188,40107000,GOOGL,-4.428312660802158
2022-12-16,90.21892777189433,90.78552935945446,88.98631468913348,89.72190856933594,58011800,GOOGL,-0.660353546872483
2022-12-19,89.72190744481648,90.02011441226728,87.68412570630292,87.91275787353516,29493000,GOOGL,-2.016397917352253
2022-12-20,87.58471739821208,88.64833810231116,86.91871354078502,88.48928833007812,23453800,GOOGL,0.6557983966016812
2022-12-21,88.5489478718548,89.68215110998871,87.79347651846167,89.04596710205078,24745600,GOOGL,0.6290917041802402
2022-12-22,87.63442563845696,88.01215748582743,85.80539110865442,87.23680877685547,27658300,GOOGL,-2.0317128153843678
2022-12-23,86.59068727442555,89.01614344331847,86.55092482760142,88.69805145263672,23003000,GOOGL,1.675029951541429
2022-12-27,88.27060864109512,88.40977340358332,86.4912790819551,86.86901092529297,20097300,GOOGL,-2.06209775456051
2022-12-28,86.46146279172514,87.51514106183947,85.42766195255722,85.5071792602539,19523200,GOOGL,-1.5676840918681934
2022-12-29,86.1036068804607,88.32030821249462,86.0936643732032,87.92269134521484,23333500,GOOGL,2.8249231302660105
2022-12-30,86.46146202902148,87.77359239333086,86.05390265106011,87.70401000976562,23986300,GOOGL,-0.2487200199441153
2022-01-04,325.1157242107018,325.4750144685873,316.65843157459085,319.464599609375,32674300,MSFT,-1.714717926685272
2022-01-05,316.4060243657828,316.6099531093686,306.8126911850702,307.2010803222656,40054300,MSFT,-3.8387725281939122
2022-01-06,304.0646366918069,309.4536334477422,302.452794378972,304.7734680175781,39646100,MSFT,-0.7902356014310996
2022-01-07,305.0356884344486,307.3175147707154,301.0934819267639,304.92889404296875,32720000,MSFT,0.05099722964785336
2022-01-10,300.510842649267,305.58911677172296,295.8501155760622,305.15216064453125,44289500,MSFT,0.07321923436058864
2022-01-11,304.2880584070521,307.42432897382355,300.899321615518,305.8416442871094,29386800,MSFT,0.2259474883355983
2022-01-12,310.39566141374934,314.0271460501468,307.8807771108326,309.0362548828125,34372200,MSFT,1.0445309379464973
2022-01-13,311.1723890567124,311.57049751795563,295.1802225260185,295.9570007324219,45366000,MSFT,-4.232271762208073
2022-01-14,295.42293023044414,301.8023248577446,294.93743650779754,301.2003173828125,39846400,MSFT,1.7716481236850878
2022-01-18,295.2481695047707,300.8119087883123,292.9857520873315,293.8693542480469,42333200,MSFT,-2.4339161387563535
2022-01-19,297.4036845279576,304.8026024185627,293.9178439567855,294.529541015625,45933900,MSFT,0.2246531521694184
2022-01-20,300.1030692146905,302.608203554877,292.4031465937436,292.84979248046875,35380700,MSFT,-0.5703158091931892
2022-01-21,293.9081860566442,295.28697160618094,287.033578493321,287.44140625,57984400,MSFT,-1.8468123827779293
2022-01-24,283.7225142551913,288.4900360460694,268.04104491701077,287.7715148925781,85731500,MSFT,0.11484380308486308
2022-01-25,283.0622692025946,286.4315970589494,276.8965221990427,280.12017822265625,72848600,MSFT,-2.6588235019640583
2022-01-26,299.05442207109365,299.5496351641995,284.5284577844545,288.1016845703125,90428900,MSFT,2.849315032675759
2022-01-27,293.8791224299939,298.38448966704834,289.28634022908506,291.14093017578125,53481300,MSFT,1.054921150496435
2022-01-28,291.5195616158824,299.53020777157457,285.90725555512125,299.31658935546875,49743700,MSFT,2.8081448990189495
2022-01-31,299.98659920210355,303.31707920676604,297.4814348645573,301.95770263671875,46444500,MSFT,0.8823811894079103
2022-02-01,301.40421686637296,301.61783528992044,296.27740433341836,299.8020935058594,40950400,MSFT,-0.7138778418422254
2022-02-02,300.6468838460328,305.9775960841271,299.9186431738477,304.3657531738281,36636000,MSFT,1.5222240827613032
2022-02-03,300.51090662551127,302.20044499578506,291.25739709798916,292.5099792480469,43730000,MSFT,-3.895239133231332
2022-02-04,291.5001050880501,299.8408828984907,291.2670776055158,297.0638732910156,35096500,MSFT,1.5568337376643981
2022-02-07,297.2872136622015,298.9087459627219,291.1991039378543,292.2186584472656,28533300,MSFT,-1.631034696367617
2022-02-08,292.5099718712418,296.694925446775,291.2477000280742,295.72393798828125,32421200,MSFT,1.1995399471208534
2022-02-09,300.88000165733183,302.88023426652455,298.47197074338203,302.1811218261719,31284700,MSFT,2.183517466261553
2022-02-10,295.21908176083,300.1516857901449,291.97598669358683,293.60723876953125,45386200,MSFT,-2.837332459693731
2022-02-11,294.3937372238847,295.4618295263202,285.68397713614587,286.4801940917969,39175600,MSFT,-2.4274076850430704
2022-02-14,285.2469590051826,288.1502314930245,282.89718608152816,286.4412841796875,36359500,MSFT,-0.013582060090655546
2022-02-15,291.30594807378594,292.0730068075683,288.40267551101897,291.7525939941406,27058300,MSFT,1.854240330496948
2022-02-16,290.31252866350303,292.7450162914017,285.74917949808884,291.4120178222656,29982100,MSFT,-0.11673458227481337
2022-02-17,288.3568443041073,288.7849645691947,282.1686090616829,282.87890625,32461600,MSFT,-2.92819480680101
2022-02-18,285.13624134337505,285.92436510715385,278.5782629704892,280.1545104980469,34264000,MSFT,-0.9630961134816429
2022-02-22,277.30364703724825,283.667044304482,276.8171494108671,279.9501953125,41736100,MSFT,-0.0729294649526313
2022-02-23,282.34374100984417,283.8227127228963,272.5359624242188,272.70135498046875,37811200,MSFT,-2.589332121715293
2022-02-24,265.1509232671374,287.18925792799297,264.1876378573289,286.6346435546875,56989700,MSFT,5.109358028388478
2022-02-25,287.1697757987993,289.5925239923929,283.77400285332004,289.2811584472656,32546700,MSFT,0.9233060106613289
2022-02-28,286.36219307102203,291.06177615651615,285.0875718318237,290.7212219238281,34627500,MSFT,0.49780756005408655
2022-03-01,288.39578010076116,291.86938019669464,284.26055037516176,286.9849548339844,31217800,MSFT,-1.2851717755997472
2022-03-02,287.3838515564128,293.3288677421849,285.76870563477496,292.08343505859375,31873000,MSFT,1.7765670773782327
2022-03-03,294.71051892315563,294.9440282601711,286.1092155593134,287.9287414550781,27314500,MSFT,-1.4224338339085096
2022-03-04,286.34273954173915,287.6757380929094,279.41501910209644,282.0323486328125,32356500,MSFT,-2.047865312947772
2022-03-07,280.7382909166113,281.86696885975545,271.0083393654953,271.3780822753906,43157200,MSFT,-3.7776752947205505
2022-03-08,270.2980183698139,276.2916715598199,262.70866870677713,268.40069580078125,48159500,MSFT,-1.0971359402517922
2022-03-09,275.78572328000666,281.7793764366867,273.1975528468867,280.7090759277344,35204500,MSFT,4.585822734263312
2022-03-10,275.37708084695583,278.8604201652107,273.0029702694113,277.877685546875,30628000,MSFT,-1.0086565144007964
2022-03-11,280.18359751733226,281.6917573984055,271.8839523731397,272.5066833496094,27209300,MSFT,-1.9328656011709855
2022-03-14,272.7694677796933,277.69282106161535,268.3715402141121,268.97479248046875,30660700,MSFT,-1.296074953365245
2022-03-15,272.7792132914778,280.04748870402545,271.20296580090604,279.39556884765625,34245100,MSFT,3.874257610197507
2022-03-16,281.3025904827937,286.6151649451855,275.5522157483522,286.4400329589844,37826300,MSFT,2.5213227755839007
2022-03-17,285.36980681566314,287.62713339972385,281.55565208145566,287.2476806640625,30816600,MSFT,0.2819604846204582
2022-03-18,287.3936019813405,292.87156998483414,284.8249099642647,292.31695556640625,43390600,MSFT,1.7647748767281701
2022-03-21,290.8185092974234,292.0347531289524,286.9362387956348,291.0812072753906,28351200,MSFT,-0.42274259754149224
2022-03-22,291.70396865624343,296.76355591312955,290.70178472073417,295.84893798828125,27599700,MSFT,1.637938346318557
2022-03-23,292.3948485501842,295.04139714802983,289.6801831499121,291.4023742675781,25715400,MSFT,-1.5029845132921382
2022-03-24,291.0617999957818,295.9851533596219,290.2639368009253,295.8878479003906,24484500,MSFT,1.5392714778273309
2022-03-25,296.9873167746891,297.25001477240545,291.2077232772877,295.4791564941406,22566500,MSFT,-0.13812375504774765
2022-03-28,296.11165665100964,302.40693764377346,296.11165665100964,302.3096618652344,29578200,MSFT,2.3116707967281602
2022-03-29,305.4329023364062,307.29132658279997,300.70413060248455,306.89239501953125,30393400,MSFT,1.5159069432388206
2022-03-30,305.2870015727423,307.4178635626859,303.1658493438242,305.38427734375,28163600,MSFT,-0.4914157862026092
2022-03-31,305.42317015815905,306.6297043298301,299.5754895267012,299.984130859375,33422100,MSFT,-1.76831188931722
2022-04-01,301.01557191752914,301.75505789830714,297.2890127272939,301.0642395019531,27110500,MSFT,0.36005526008455746
2022-04-04,301.71604313777794,306.6004677876779,301.3463002535531,306.4642639160156,24289600,MSFT,1.793645244282649
2022-04-05,304.8101534591533,306.3669515025398,301.5019761753652,302.4847106933594,23156700,MSFT,-1.2985374450532383
2022-04-06,296.9483620388393,298.70948070596177,288.69735331536396,291.4120178222656,40110400,MSFT,-3.660579354808635
2022-04-07,288.648768168859,295.4499953169675,288.3471420233765,293.2315673828125,31411200,MSFT,0.6243907077492672
2022-04-08,292.32667286424794,292.9883024570714,288.2790093714856,288.95037841796875,24361900,MSFT,-1.4600027558611006
2022-04-11,283.9102049110805,284.7080382034423,277.30356088324027,277.5565490722656,34569300,MSFT,-3.943178551308857
2022-04-12,281.42915338423376,282.8886463462349,272.9154444392271,274.44305419921875,30966700,MSFT,-1.1217515434075453
2022-04-13,275.0949436670491,280.78694183396783,273.70353796361,279.8528747558594,21907200,MSFT,1.9711996619574235
2022-04-14,280.31017343940124,280.5242335633767,271.7770165344988,272.2732238769531,28221600,MSFT,-2.708441314215071
2022-04-18,271.3781025319031,274.8322237129934,270.823488125662,272.9446105957031,20778000,MSFT,0.24658565730040216
2022-04-19,271.8354648048012,278.44211201139575,270.891658061002,277.5955810546875,22297700,MSFT,1.7039979096248103
2022-04-20,281.58483666280904,281.87675307176863,277.66366675281404,278.6269226074219,22906700,MSFT,0.37152664635939914
2022-04-21,280.78693803741777,285.3794765084188,272.4970297326979,273.2267761230469,29454600,MSFT,-1.938128029351871
2022-04-22,274.0732590451422,275.55223063550807,265.99741140383605,266.6298522949219,29405800,MSFT,-2.4144499751203363
2022-04-25,265.9098737843962,273.5186738891718,263.4579068096184,273.13922119140625,35678900,MSFT,2.4413503741075093
2022-04-26,270.00616376697724,270.84292537299956,262.70869988138327,262.9227600097656,46518400,MSFT,-3.740385996956952
2022-04-27,274.4819055841102,283.1123668021578,271.6212978029002,275.5716552734375,63477700,MSFT,4.810878777935423
2022-04-28,277.4884628019868,283.12211249863367,273.8591805481555,281.8085632324219,33646600,MSFT,2.2632617831452206
2022-04-29,280.81611693468443,282.051839783159,269.03315988134744,270.0256042480469,37073900,MSFT,-4.181192668250111
2022-05-02,270.21050638231907,277.2452728288892,268.7607529412359,276.7879638671875,35151100,MSFT,2.5043401487692574
2022-05-03,276.29174647907155,276.45716875082513,272.58463663535474,274.1706237792969,25978600,MSFT,-0.9456119591769951
2022-05-04,274.9587208572136,283.0248596977465,269.2569830130294,282.149169921875,33599300,MSFT,2.9100660138559276
2022-05-05,277.8291255358876,278.6172494647797,266.9315647585816,269.86029052734375,43260400,MSFT,-4.355454739751297
2022-05-06,267.3888006696829,271.70890160605785,263.9443894488529,267.31097412109375,37780300,MSFT,-0.9446800791877541
2022-05-09,262.76711416308353,265.0049915252708,256.20913519772483,257.4350891113281,47726000,MSFT,-3.6945303282953756
2022-05-10,264.3529987543586,266.3573659638527,257.91177697497005,262.2221374511719,39336400,MSFT,1.8595166480096958
2022-05-11,258.50537114514697,264.0319770440954,252.29765669315228,253.51390075683594,48975900,MSFT,-3.3209387960074443
2022-05-12,250.73115104944105,252.8620130453764,243.268279183141,248.454345703125,51033800,MSFT,-1.9957702668793376
2022-05-13,250.40031556437413,255.93666051521544,248.4543252039647,254.06849670410156,34925100,MSFT,2.259630832814996
2022-05-16,252.93982674153148,258.64159411868263,248.8727138859147,254.43824768066406,32550900,MSFT,0.14553200469915595
2022-05-17,258.9237455156358,261.083796106576,255.37231887699087,259.6145935058594,28828800,MSFT,2.034421268178188
2022-05-18,256.4937482385101,257.07891103112115,246.5168282817784,247.79441833496094,31356000,MSFT,-4.552970236101794
2022-05-19,247.6188635950773,251.29561812245223,245.6488462809221,246.87767028808594,32692300,MSFT,-0.36996315455167794
2022-05-20,250.87624337504786,252.14410110498955,240.34343172500954,246.31202697753906,39199300,MSFT,-0.22911886274964433
2022-05-23,249.16956626123803,255.03088252529363,247.16051506876937,254.201904296875,33175400,MSFT,3.203204251189651
2022-05-24,251.5101740219883,254.86504582023227,247.22876223606562,253.19735717773438,29043900,MSFT,-0.39517686616833414
2022-05-25,251.7539844462051,258.0346402901023,250.76896093804433,256.0256042480469,28547900,MSFT,1.1170128716340377
2022-05-26,255.78181755125436,260.50207954120907,254.962601479869,259.322021484375,25002100,MSFT,1.2875342081545949
2022-05-27,261.83812385161747,266.5778787470546,260.9408704994916,266.4803466796875,26910800,MSFT,2.760400044060196
2022-05-31,265.7879631443274,267.97253895075033,262.2770164821384,265.144287109375,37827700,MSFT,-0.5013726479118019
2022-06-01,268.3919197845776,270.82031088052713,263.35956794032285,265.6806945800781,25292200,MSFT,0.2023077610123547
2022-06-02,257.90785959544843,267.8555068785204,255.12835897127664,267.7872314453125,44008200,MSFT,0.7928829260868353
2022-06-03,263.62295259702773,266.6852882127853,261.76996156661284,263.3401184082031,28059000,MSFT,-1.6606889780021339
2022-06-06,265.3296143204805,267.3971637281567,260.60935271212526,262.10150146484375,22400300,MSFT,-0.47034874551069583
2022-06-07,260.04371058407725,266.3731474633337,259.3610157079516,265.75872802734375,22860700,MSFT,1.395347429167848
2022-06-08,264.9882563323359,266.24635182283305,262.94020151963724,263.7204284667969,17372300,MSFT,-0.7669737041852365
2022-06-09,261.1554626014085,265.9634935362594,258.0833955427108,258.23944091796875,26439700,MSFT,-2.0783325663063623
2022-06-10,254.1335840539714,254.1335840539714,246.28274225937133,246.7313690185547,31422800,MSFT,-4.4563571925752665
2022-06-13,239.04628517828814,242.85956023084947,235.55484812343894,236.26678466796875,46135800,MSFT,-4.241286542611844
2022-06-14,237.82727664277363,239.66077307611792,235.5354061010933,238.4416961669922,28651500,MSFT,0.9205320595867539
2022-06-15,242.16716558622423,248.98424840348872,240.32392206139252,245.5318145751953,33111700,MSFT,2.9735228872208586
2022-06-16,239.89476806760752,241.29914670692006,237.00800298129295,238.90975952148438,33169200,MSFT,-2.697025257263719
2022-06-17,238.64645000368492,244.30296882499619,237.99302668320328,241.52346801757812,43084800,MSFT,1.094014954152045
2022-06-21,244.06892429949633,248.4478535525514,243.33747821445448,247.4628448486328,29928300,MSFT,2.4591303196352055
2022-06-22,245.65860562744965,250.807999765496,244.17620405920437,246.86793518066406,25939900,MSFT,-0.2404036324453629
2022-06-23,249.2475426680791,252.95352377862707,247.35553332647763,252.4561309814453,25861400,MSFT,2.263637761093462
2022-06-24,255.333239991249,261.35061722658685,255.24547001777495,261.0775451660156,33923200,MSFT,3.4150147794208108
2022-06-27,261.57481993208773,261.66258987589396,256.7667889581559,258.33697509765625,24615100,MSFT,-1.0497149674885575
2022-06-28,257.4495160699315,260.3070248398186,249.97901014588223,250.1350555419922,27295500,MSFT,-3.1748918452589203
2022-06-29,251.21761756131548,255.48926788629058,249.43288714993972,253.8215789794922,20069800,MSFT,1.4738131884441508
2022-06-30,250.69093809914182,253.109597154514,246.6436091264857,250.47637939453125,31730900,MSFT,-1.3179334863531067
2022-07-01,250.04729904912202,253.34365777058395,248.3113199662267,253.15835571289062,22837700,MSFT,1.070750194027248
2022-07-05,249.822942047915,256.4742313599345,248.43807276622766,256.3474426269531,22941000,MSFT,1.259720187817659
2022-07-06,257.22516367045046,261.3602619908229,255.90855498444893,259.6242980957031,23824400,MSFT,1.2782867795247066
2022-07-07,258.5612457583105,262.403777284801,258.4637136853448,261.7601013183594,20859900,MSFT,0.8226515154097669
2022-07-08,258.2394568827498,261.4675695162726,256.7765648822066,261.0384521484375,19658800,MSFT,-0.2756910492803466
2022-07-11,259.07824395425325,259.93647894370736,255.69408493511474,257.9664611816406,19455200,MSFT,-1.1768346546316533
2022-07-12,259.30249421900527,259.36100751938403,245.80486573573233,247.39454650878906,35868500,MSFT,-4.098174089928541
2022-07-13,244.00062297935978,247.27750148823952,241.97207772326223,246.46803283691406,29497400,MSFT,-0.3745085269460824
2022-07-14,244.37125617771787,248.8281930381069,239.85579113302134,247.79441833496094,25102800,MSFT,0.5381572136474722
2022-07-15,249.39386389777957,253.92882377346191,248.46736847903153,250.36912536621094,29774100,MSFT,1.0390496479099731
2022-07-18,253.32415823997417,254.3871896347029,247.03372494810176,247.96022033691406,20975000,MSFT,-0.9621414085196789
2022-07-19,251.20781699798198,253.2948906690836,247.40430351046794,253.10958862304688,25012600,MSFT,2.0766912850521457
2022-07-20,253.47043453645153,258.31748493522934,252.50493526447454,255.78179931640625,22788300,MSFT,1.0557524540641072
2022-07-21,253.3631801140603,258.3370194554005,250.67144899136898,258.2882385253906,22404700,MSFT,0.9799130413825408
2022-07-22,258.6783326737253,258.7661026310825,252.66098630595368,253.91905212402344,21881300,MSFT,-1.691593247261891
2022-07-25,254.54325624921813,255.03088700831626,250.45690810696632,252.4269256591797,21056000,MSFT,-0.5876386400950118
2022-07-26,253.43139144885163,253.45091572325646,243.39597392999138,245.66831970214844,39348000,MSFT,-2.677450489634592
2022-07-27,254.69926761568703,263.3693258768842,252.44641619082233,262.09173583984375,45994000,MSFT,6.6851990348642865
2022-07-28,263.0767468611036,270.9666075420693,261.2432507771247,269.5719909667969,33459300,MSFT,2.85405989738039
2022-07-29,270.830117963255,275.0237303147809,269.78658106335865,273.7948913574219,32152800,MSFT,1.5665204591470916
2022-08-01,270.9471442318351,274.3215405283766,269.0161158388109,271.1324462890625,21539600,MSFT,-0.9724232089063034
2022-08-02,269.1721330389586,271.01539127951946,265.6416917082196,268.0213317871094,22754200,MSFT,-1.1474519352199786
2022-08-03,269.9133818757628,276.486634852269,269.76706884087804,275.48211669921875,23518900,MSFT,2.783653398915087
2022-08-04,274.8286644195843,276.779187317559,273.2390132583336,276.6329040527344,18098700,MSFT,0.4177357743958776
2022-08-05,272.24423173637746,276.6329083245919,271.78585765777035,275.9112243652344,16774600,MSFT,-0.26087991592006476
2022-08-08,277.0229904194802,278.8467542489701,272.41002301800336,273.3852844238281,18739200,MSFT,-0.9154900991133919
2022-08-09,272.72211501979655,276.0769868890981,270.74230578508485,275.3162841796875,23405200,MSFT,0.7063290769029562
2022-08-10,281.041062115649,282.6404751722234,279.8414800012585,282.0065612792969,24687800,MSFT,2.430033196017889
2022-08-11,283.6547312438038,284.00581099627533,279.42210112866013,279.9194641113281,20065900,MSFT,-0.7400881591197117
2022-08-12,281.3434285473414,284.6885681152344,279.84151760890535,284.6885681152344,22619700,MSFT,1.7037414740153745
2022-08-15,283.80106411686256,286.9023881899572,282.93306719484826,286.2099609375,18085700,MSFT,0.5344060115718419
2022-08-16,284.76659105891446,286.7658949577714,283.23545314932466,285.4687805175781,18102900,MSFT,-0.2589638800459926
2022-08-17,283.17204693526304,286.70022950442245,282.90817814176427,284.71624755859375,18253400,MSFT,-0.26361304995242696
2022-08-18,283.61185156800366,285.29286306667285,282.5269980125115,283.5923156738281,17186200,MSFT,-0.39475509192158365
2022-08-19,282.3510526263538,282.6931246022663,279.0867691313895,279.66339111328125,20570000,MSFT,-1.3854129126212644
2022-08-22,275.685659219277,276.057049965206,270.9358423970251,271.4538269042969,25061100,MSFT,-2.9355162205191854
2022-08-23,270.17352294921875,272.53864848293165,269.15708983535205,270.17352294921875,17527400,MSFT,-0.4716470457163613
2022-08-24,269.1668478166237,270.9455981450401,268.8736304974872,269.5382385253906,18137000,MSFT,-0.23513940851543902
2022-08-25,271.04336749973436,272.69506033851854,268.2970680087891,272.5289306640625,16583400,MSFT,1.1095613576142638
2022-08-26,272.7536818076415,273.98512913178996,261.905325226345,262.0128173828125,27549300,MSFT,-3.8587144695521824
2022-08-29,259.823592141155,261.3384440760738,257.8689290892386,259.2176513671875,20338500,MSFT,-1.066805068372334
2022-08-30,260.6250193047335,260.99638024255165,254.7512471057002,257.0088806152344,22767100,MSFT,-0.8520911829512534
2022-08-31,259.37402993103416,261.0550115354996,255.40603646622787,255.54287719726562,24791800,MSFT,-0.5704096350520604
2022-09-01,253.00178492097177,254.97601351687422,249.62022649219443,254.49710083007812,23263400,MSFT,-0.4092371419846752
2022-09-02,255.76767255162795,258.7387389192011,248.7015548739836,250.25550842285156,22855400,MSFT,-1.6666564740391965
2022-09-06,250.39234088968416,251.98536617249096,246.2288991777228,247.5092010498047,21328200,MSFT,-1.0974013680476125
2022-09-07,248.92633346068814,252.9627024699416,247.4798869965814,252.23948669433594,24126700,MSFT,1.9111554740057546
2022-09-08,251.67265966820906,254.5264511221941,249.01430171793672,252.6597442626953,20319900,MSFT,0.16661053900282052
2022-09-09,254.59486338577113,259.2176522567017,254.38963211583717,258.465087890625,22084700,MSFT,2.2976923549379302
2022-09-12,259.75519501846236,261.3873519362025,259.14925419027657,260.60546875,18747700,MSFT,0.8281121743918929
2022-09-13,252.97248284897586,254.49711760874706,245.8868294468606,246.27777099609375,33353300,MSFT,-5.497849996252713
2022-09-14,247.78285007642683,248.46697913300935,244.1960453177988,246.50254821777344,23913000,MSFT,0.09126979701439275
2022-09-15,244.1080964445823,245.7011366717456,238.4884402386865,239.81761169433594,31530900,MSFT,-2.7119137598251797
2022-09-16,238.72299354259306,239.739426682432,236.57286716463537,239.19212341308594,39791800,MSFT,-0.2608183264068309
2022-09-19,236.9735791811867,239.58305259776108,235.3903068619585,238.97711181640625,26826900,MSFT,-0.0898907512553615
2022-09-20,236.58263419492624,237.9899789735556,234.20771098725592,236.95401000976562,26660300,MSFT,-0.8465671843062794
2022-09-21,238.73276637917772,242.04591952184435,233.4844861559874,233.53335571289062,28625600,MSFT,-1.4435941796190899
2022-09-22,232.47781744759155,238.3320379551584,232.18462995525593,235.51731872558594,31061200,MSFT,0.849541602585635
2022-09-23,234.10995973648943,235.66392801449047,229.8683449899013,232.5266876220703,34176000,MSFT,-1.2698136679282435
2022-09-26,231.67644090899546,235.9766936524482,231.52983223255546,232.06736755371094,27694200,MSFT,-0.19753434457635555
2022-09-27,234.540014881578,236.3187654128993,229.18424230732046,231.0509490966797,27018700,MSFT,-0.4379842231786446
2022-09-28,231.44184437359493,236.83671782885258,229.40899329026752,235.60528564453125,29029700,MSFT,1.971139510855613
2022-09-29,233.47471635519574,234.51068533657707,229.09627550613527,232.11622619628906,27484200,MSFT,-1.4808918393733772
2022-09-30,232.88831480572858,235.08731066403845,227.45435409303502,227.62049865722656,35694800,MSFT,-1.9368432843900774
2022-10-03,230.07359752202612,236.13304945829597,229.34059894313313,235.28277587890625,28880400,MSFT,3.366250960208239
2022-10-04,239.5341562666499,244.68469707120093,239.42664921298356,243.23825073242188,34888400,MSFT,3.3812397970049757
2022-10-05,240.41379938760141,244.89974773560505,238.56664330825308,243.551025390625,20347100,MSFT,0.12858777649540354
2022-10-06,242.30980557091354,244.66517820045487,240.50175113967794,241.19564819335938,20239900,MSFT,-0.9670980417708752
2022-10-07,235.43916198528814,235.84965435537447,227.8843933578398,228.93014526367188,37769600,MSFT,-5.085291970050232
2022-10-10,227.7671159691032,229.2428812102426,221.59037354348214,224.05325317382812,29743600,MSFT,-2.1302970319731163
2022-10-11,222.46018719306292,223.86754691341076,219.02975905938624,220.30029296875,30474000,MSFT,-1.6750304456264464
2022-10-12,220.29051163189263,222.69475365624942,218.8831668147149,220.63258361816406,21903900,MSFT,0.15083531888957502
2022-10-13,214.8663450017115,230.74798252431322,214.16266509998607,228.93014526367188,42551800,MSFT,3.7608051854516322
2022-10-14,230.20062941125624,231.86210470725837,223.16384637445358,223.3788604736328,30198600,MSFT,-2.4248815216734942
2022-10-17,230.47427960244562,233.54309935821118,229.80968654852137,232.1455078125,28142300,MSFT,3.9245644463756113
2022-10-18,237.72613921758875,238.40048548189114,230.03452953155028,233.0935821533203,26329600,MSFT,0.40839659132498873
2022-10-19,231.666657514543,234.17840668537156,228.97899582786735,231.11935424804688,19985700,MSFT,-0.8469679375277095
2022-10-20,230.42545339204614,235.83986337471225,229.54584608873026,230.7968292236328,21811000,MSFT,-0.13954911974525253
2022-10-21,229.41881864043668,237.49157205864338,229.18425369445214,236.6315155029297,26299700,MSFT,2.5280617151127727
2022-10-24,238.23432552805727,242.22183991219995,235.8300983443022,241.6452178955078,24911200,MSFT,2.1187804937656596
2022-10-25,241.654984441584,245.349296366253,240.25740753672832,244.97792053222656,34775500,MSFT,1.3791717732895004
2022-10-26,225.92974629136222,232.8981254365345,224.84490760872006,226.07635498046875,82543200,MSFT,-7.71562004881633
2022-10-27,225.80265446885284,228.39259179146362,220.6618963462355,221.6099090576172,40424600,MSFT,-1.975636029357175
2022-10-28,221.11147118020745,231.2366255329459,220.9257758198507,230.52316284179688,40647700,MSFT,4.022046587213879
2022-10-31,228.46102126722204,229.5947294617244,225.91018528603985,226.86798095703125,28357300,MSFT,-1.5856028694496538
2022-11-01,229.28197573661194,230.3961330494715,222.17677155998481,222.9977264404297,30592300,MSFT,-1.7059500861580812
2022-11-02,224.2584955561427,226.0567819611401,215.05201957945258,215.1106719970703,38407000,MSFT,-3.5368317736935606
2022-11-03,215.100876903244,215.4136301278351,209.1293811013709,209.3932647705078,36633900,MSFT,-2.6578910165091063
2022-11-04,212.6184649078027,216.5668774965675,208.5918490987652,216.3714141845703,36789100,MSFT,3.3325567666708134
2022-11-07,216.95782960870955,223.23229618089562,216.26391766746684,222.70452880859375,33498000,MSFT,2.9269645659482313
2022-11-08,223.51572493107818,226.3988500523262,220.72055607119086,223.68186950683594,28192500,MSFT,0.4388508412786596
2022-11-09,222.21586889194765,223.4473161844384,219.2447875531126,219.4207000732422,27852900,MSFT,-1.9050133312049744
2022-11-10,230.09314442549228,237.81407210708258,229.67289904500376,237.4720001220703,46268000,MSFT,8.226799040748034
2022-11-11,237.48177624215725,242.36843352997803,236.4457923703078,241.5083770751953,34620200,MSFT,1.699727526213679
2022-11-14,236.5044453426639,238.3809199560676,233.78746507725594,236.0744171142578,31123300,MSFT,-2.2500088927538964
2022-11-15,240.09123376905967,241.4008542575975,234.5888532500905,236.48487854003906,31390100,MSFT,0.17386950725057915
2022-11-16,237.9550109311779,238.94490710262616,235.63221250615155,236.91612243652344,24093300,MSFT,0.18235580183676436
2022-11-17,233.04479786716809,238.40586833296084,232.89779098068917,236.86712646484375,23123500,MSFT,-0.020680724965360664
2022-11-18,238.66068011299015,238.8861106072978,234.26990005731673,236.41629028320312,27613500,MSFT,-0.19033294673228562
2022-11-21,236.6221034906922,239.79758681244928,236.38689247384355,237.22976684570312,26394700,MSFT,0.3440865100816648
2022-11-22,238.73906486681742,240.4248134163221,235.9164283053728,240.150390625,19665700,MSFT,1.2311371452792708
2022-11-23,240.22882983405626,243.33570000991833,239.4055613553574,242.64964294433594,19508500,MSFT,1.0407029998292128
2022-11-25,242.385023917818,243.7473426215973,241.81657234254652,242.5614471435547,9200800,MSFT,-0.03634697323724456
2022-11-28,241.17953481479165,241.7381759890665,236.00468257187043,236.945556640625,24778200,MSFT,-2.3152444747767564
2022-11-29,236.59270563364998,237.95502429454882,233.46624450045002,235.5440216064453,17956300,MSFT,-0.5915008722047421
2022-11-30,235.77924018050268,250.2453007197951,235.08337270566386,250.05908203125,47594200,MSFT,6.162355692923049
2022-12-01,248.8143492893829,251.01954209148104,245.92309949539396,249.61802673339844,26041500,MSFT,-0.17638043548302562
2022-12-02,244.8450244753859,250.96074986514174,244.71760854479217,249.94146728515625,21528500,MSFT,0.1295741962191066
2022-12-05,246.99140582736436,248.76537360672083,243.12007008463186,245.2174530029297,23435300,MSFT,-1.8900482315073242
2022-12-06,245.82513335844158,246.84441603442448,238.92532078821492,240.23863220214844,22463700,MSFT,-2.0303696738591337
2022-12-07,239.95438604558672,241.25790183378027,237.38656627233448,239.5035400390625,20481500,MSFT,-0.30598416097682435
2022-12-08,239.96417336935625,243.78651647945242,238.21962206213038,242.4731903076172,22611800,MSFT,1.239919154460245
2022-12-09,239.82700605442705,243.36511659399685,239.2977662721719,240.5326690673828,20609700,MSFT,-0.8003034223175387
2022-12-12,242.52221385109104,247.51084668836435,242.24779103974268,247.4814453125,30665100,MSFT,2.8889116277051485
2022-12-13,256.4786327288644,258.6642346372592,248.03029866504872,251.8036346435547,42196900,MSFT,1.7464700537840105
2022-12-14,252.00942161532691,257.3606807546326,249.24557297365928,252.09762573242188,35410900,MSFT,0.11675410852720614
2022-12-15,248.66738902290587,249.1378260548112,242.4144363643477,244.05117797851562,35560400,MSFT,-3.1917983085040236
2022-12-16,243.60033153916896,244.86463565635628,238.66069067242736,239.81719970703125,86102000,MSFT,-1.734873114137192
2022-12-19,239.98378740260912,240.3268233828686,233.95626627174926,235.66160583496094,29696400,MSFT,-1.732817277971277
2022-12-20,234.6325112922364,238.07262168056403,233.6720314907725,236.98472595214844,25150800,MSFT,0.5614491645762998
2022-12-21,236.8769522629541,240.72868248783374,235.32841482024025,239.5623779296875,23690600,MSFT,1.0876869668214662
2022-12-22,236.45546474503047,237.1709380558628,229.21263219951575,233.4466094970703,28651700,MSFT,-2.5528918545015378
2022-12-23,231.40805587690517,234.11308726654062,229.28127151269362,233.9758758544922,21207000,MSFT,0.2267183740908063
2022-12-27,233.94647434160723,234.17188988521556,231.13363291878463,232.2411346435547,16688600,MSFT,-0.7414188341435368
2022-12-28,232.17251532323996,234.94615982143847,229.5066808569475,229.85951232910156,17457100,MSFT,-1.0254954696584884
2022-12-29,230.95718926754077,237.1023307951029,230.95718926754077,236.21044921875,19770700,MSFT,2.7629645714011053
2022-12-30,233.46623552218477,235.18138560256986,231.9470996028593,235.04417419433594,21938500,MSFT,-0.49374404403845773
